product_id,warehouse_id,snapshot_date,stock_qty,reserved_qty,available_qty
P001,W01,2026-08-09,60,17,43
P001,W02,2026-08-09,407,80,327
P001,W03,2026-08-09,290,77,213
P001,W04,2026-08-09,233,18,215
P001,W05,2026-08-09,403,102,301
P001,W06,2026-08-09,553,61,492
P001,W07,2026-08-09,344,91,253
P001,W08,2026-08-09,857,46,811
P002,W01,2026-08-09,2931,676,2255
P002,W02,2026-08-09,1711,252,1459
P002,W03,2026-08-09,1124,289,835
P002,W04,2026-08-09,1395,305,1090
P002,W05,2026-08-09,2391,142,2249
P002,W06,2026-08-09,3546,988,2558
P002,W07,2026-08-09,3178,821,2357
P002,W08,2026-08-09,2715,335,2380
P003,W01,2026-08-09,1219,159,1060
P003,W02,2026-08-09,795,224,571
P003,W03,2026-08-09,2038,537,1501
P003,W04,2026-08-09,499,135,364
P003,W05,2026-08-09,1810,212,1598
P003,W06,2026-08-09,1777,550,1227
P003,W07,2026-08-09,1839,514,1325
P003,W08,2026-08-09,1036,289,747
P004,W01,2026-08-09,1209,319,890
P004,W02,2026-08-09,1910,160,1750
P004,W03,2026-08-09,1008,313,695
P004,W04,2026-08-09,997,225,772
P004,W05,2026-08-09,855,133,722
P004,W06,2026-08-09,960,273,687
P004,W07,2026-08-09,1595,411,1184
P004,W08,2026-08-09,1655,425,1230
P005,W01,2026-08-09,1192,280,912
P005,W02,2026-08-09,1761,462,1299
P005,W03,2026-08-09,4119,800,3319
P005,W04,2026-08-09,2767,766,2001
P005,W05,2026-08-09,1935,651,1284
P005,W06,2026-08-09,2188,759,1429
P005,W07,2026-08-09,1953,122,1831
P005,W08,2026-08-09,2267,629,1638
P006,W01,2026-08-09,680,51,629
P006,W02,2026-08-09,2622,912,1710
P006,W03,2026-08-09,1017,263,754
P006,W04,2026-08-09,1480,429,1051
P006,W05,2026-08-09,2361,498,1863
P006,W06,2026-08-09,3658,597,3061
P006,W07,2026-08-09,3197,676,2521
P006,W08,2026-08-09,1506,316,1190
P007,W01,2026-08-09,1180,381,799
P007,W02,2026-08-09,4685,1321,3364
P007,W03,2026-08-09,4059,794,3265
P007,W04,2026-08-09,1295,357,938
P007,W05,2026-08-09,4282,282,4000
P007,W06,2026-08-09,1984,453,1531
P007,W07,2026-08-09,1138,270,868
P007,W08,2026-08-09,4731,1269,3462
P008,W01,2026-08-09,1603,92,1511
P008,W02,2026-08-09,1926,666,1260
P008,W03,2026-08-09,1270,137,1133
P008,W04,2026-08-09,1543,426,1117
P008,W05,2026-08-09,2235,737,1498
P008,W06,2026-08-09,2789,779,2010
P008,W07,2026-08-09,2314,732,1582
P008,W08,2026-08-09,2017,705,1312
P009,W01,2026-08-09,2572,824,1748
P009,W02,2026-08-09,1621,238,1383
P009,W03,2026-08-09,1056,281,775
P009,W04,2026-08-09,1743,400,1343
P009,W05,2026-08-09,1657,202,1455
P009,W06,2026-08-09,978,190,788
P009,W07,2026-08-09,3359,888,2471
P009,W08,2026-08-09,2081,503,1578
P010,W01,2026-08-09,729,96,633
P010,W02,2026-08-09,1843,115,1728
P010,W03,2026-08-09,1584,173,1411
P010,W04,2026-08-09,896,69,827
P010,W05,2026-08-09,923,264,659
P010,W06,2026-08-09,1177,68,1109
P010,W07,2026-08-09,502,116,386
P010,W08,2026-08-09,1267,180,1087
P011,W01,2026-08-09,741,107,634
P011,W02,2026-08-09,429,121,308
P011,W03,2026-08-09,676,155,521
P011,W04,2026-08-09,330,31,299
P011,W05,2026-08-09,302,63,239
P011,W06,2026-08-09,843,112,731
P011,W07,2026-08-09,605,64,541
P011,W08,2026-08-09,593,42,551
P012,W01,2026-08-09,2707,493,2214
P012,W02,2026-08-09,2566,436,2130
P012,W03,2026-08-09,2902,189,2713
P012,W04,2026-08-09,2635,229,2406
P012,W05,2026-08-09,855,44,811
P012,W06,2026-08-09,918,116,802
P012,W07,2026-08-09,553,158,395
P012,W08,2026-08-09,1728,105,1623
P013,W01,2026-08-09,1314,326,988
P013,W02,2026-08-09,3391,175,3216
P013,W03,2026-08-09,3531,947,2584
P013,W04,2026-08-09,4536,1140,3396
P013,W05,2026-08-09,1362,251,1111
P013,W06,2026-08-09,4674,962,3712
P013,W07,2026-08-09,2190,733,1457
P013,W08,2026-08-09,2990,283,2707
P014,W01,2026-08-09,1988,301,1687
P014,W02,2026-08-09,4963,815,4148
P014,W03,2026-08-09,1225,327,898
P014,W04,2026-08-09,2844,423,2421
P014,W05,2026-08-09,1648,151,1497
P014,W06,2026-08-09,1606,189,1417
P014,W07,2026-08-09,3598,684,2914
P014,W08,2026-08-09,4052,957,3095
P015,W01,2026-08-09,1727,550,1177
P015,W02,2026-08-09,1357,190,1167
P015,W03,2026-08-09,1331,172,1159
P015,W04,2026-08-09,1018,284,734
P015,W05,2026-08-09,956,186,770
P015,W06,2026-08-09,1502,262,1240
P015,W07,2026-08-09,2355,804,1551
P015,W08,2026-08-09,981,272,709
P016,W01,2026-08-09,3433,510,2923
P016,W02,2026-08-09,2390,472,1918
P016,W03,2026-08-09,2670,755,1915
P016,W04,2026-08-09,1608,505,1103
P016,W05,2026-08-09,3338,848,2490
P016,W06,2026-08-09,939,253,686
P016,W07,2026-08-09,1029,298,731
P016,W08,2026-08-09,1109,370,739
P017,W01,2026-08-09,5178,1458,3720
P017,W02,2026-08-09,1752,143,1609
P017,W03,2026-08-09,2981,904,2077
P017,W04,2026-08-09,3132,481,2651
P017,W05,2026-08-09,1612,326,1286
P017,W06,2026-08-09,1343,313,1030
P017,W07,2026-08-09,1029,66,963
P017,W08,2026-08-09,2105,713,1392
P018,W01,2026-08-09,3206,469,2737
P018,W02,2026-08-09,1898,157,1741
P018,W03,2026-08-09,1342,406,936
P018,W04,2026-08-09,11644,3317,8327
P018,W05,2026-08-09,2949,173,2776
P018,W06,2026-08-09,2973,874,2099
P018,W07,2026-08-09,2263,115,2148
P018,W08,2026-08-09,108,26,82
P019,W01,2026-08-09,1210,331,879
P019,W02,2026-08-09,1129,112,1017
P019,W03,2026-08-09,1309,320,989
P019,W04,2026-08-09,371,28,343
P019,W05,2026-08-09,416,116,300
P019,W06,2026-08-09,1108,198,910
P019,W07,2026-08-09,1488,373,1115
P019,W08,2026-08-09,730,246,484
P020,W01,2026-08-09,2356,580,1776
P020,W02,2026-08-09,1772,246,1526
P020,W03,2026-08-09,3228,813,2415
P020,W04,2026-08-09,2414,504,1910
P020,W05,2026-08-09,1827,100,1727
P020,W06,2026-08-09,1163,97,1066
P020,W07,2026-08-09,1254,214,1040
P020,W08,2026-08-09,2879,180,2699
P021,W01,2026-08-09,1037,286,751
P021,W02,2026-08-09,5070,1544,3526
P021,W03,2026-08-09,1647,538,1109
P021,W04,2026-08-09,2092,287,1805
P021,W05,2026-08-09,4471,405,4066
P021,W06,2026-08-09,3635,395,3240
P021,W07,2026-08-09,1130,152,978
P021,W08,2026-08-09,4288,1196,3092
P022,W01,2026-08-09,863,67,796
P022,W02,2026-08-09,613,36,577
P022,W03,2026-08-09,3184,665,2519
P022,W04,2026-08-09,2863,834,2029
P022,W05,2026-08-09,937,247,690
P022,W06,2026-08-09,1292,106,1186
P022,W07,2026-08-09,1936,284,1652
P022,W08,2026-08-09,1186,119,1067
P023,W01,2026-08-09,2363,519,1844
P023,W02,2026-08-09,5320,1461,3859
P023,W03,2026-08-09,1031,283,748
P023,W04,2026-08-09,2225,184,2041
P023,W05,2026-08-09,3042,550,2492
P023,W06,2026-08-09,791,142,649
P023,W07,2026-08-09,1137,360,777
P023,W08,2026-08-09,1599,173,1426
P024,W01,2026-08-09,4404,597,3807
P024,W02,2026-08-09,5554,1067,4487
P024,W03,2026-08-09,2621,611,2010
P024,W04,2026-08-09,2179,739,1440
P024,W05,2026-08-09,3853,696,3157
P024,W06,2026-08-09,3609,510,3099
P024,W07,2026-08-09,2291,609,1682
P024,W08,2026-08-09,2912,493,2419
P025,W01,2026-08-09,793,226,567
P025,W02,2026-08-09,3043,852,2191
P025,W03,2026-08-09,1394,86,1308
P025,W04,2026-08-09,1502,503,999
P025,W05,2026-08-09,2191,402,1789
P025,W06,2026-08-09,3108,787,2321
P025,W07,2026-08-09,966,305,661
P025,W08,2026-08-09,1293,178,1115
P026,W01,2026-08-09,1209,74,1135
P026,W02,2026-08-09,1383,191,1192
P026,W03,2026-08-09,466,56,410
P026,W04,2026-08-09,569,106,463
P026,W05,2026-08-09,615,75,540
P026,W06,2026-08-09,1658,536,1122
P026,W07,2026-08-09,2427,189,2238
P026,W08,2026-08-09,464,106,358
P027,W01,2026-08-09,1083,329,754
P027,W02,2026-08-09,1469,200,1269
P027,W03,2026-08-09,3622,941,2681
P027,W04,2026-08-09,2670,692,1978
P027,W05,2026-08-09,1917,632,1285
P027,W06,2026-08-09,3443,924,2519
P027,W07,2026-08-09,1130,284,846
P027,W08,2026-08-09,1910,294,1616
P028,W01,2026-08-09,955,84,871
P028,W02,2026-08-09,183,41,142
P028,W03,2026-08-09,134,13,121
P028,W04,2026-08-09,313,49,264
P028,W05,2026-08-09,342,53,289
P028,W06,2026-08-09,649,216,433
P028,W07,2026-08-09,186,30,156
P028,W08,2026-08-09,404,131,273
P029,W01,2026-08-09,2409,479,1930
P029,W02,2026-08-09,1477,488,989
P029,W03,2026-08-09,3683,789,2894
P029,W04,2026-08-09,2769,456,2313
P029,W05,2026-08-09,2822,531,2291
P029,W06,2026-08-09,1003,103,900
P029,W07,2026-08-09,2118,432,1686
P029,W08,2026-08-09,1322,134,1188
P030,W01,2026-08-09,1842,151,1691
P030,W02,2026-08-09,1786,480,1306
P030,W03,2026-08-09,1099,116,983
P030,W04,2026-08-09,3265,404,2861
P030,W05,2026-08-09,2020,435,1585
P030,W06,2026-08-09,3053,748,2305
P030,W07,2026-08-09,1917,199,1718
P030,W08,2026-08-09,1867,525,1342
P001,W01,2026-08-02,940,146,794
P001,W02,2026-08-02,741,46,695
P001,W03,2026-08-02,544,43,501
P001,W04,2026-08-02,751,246,505
P001,W05,2026-08-02,420,48,372
P001,W06,2026-08-02,532,30,502
P001,W07,2026-08-02,276,48,228
P001,W08,2026-08-02,271,19,252
P002,W01,2026-08-02,6006,922,5084
P002,W02,2026-08-02,4826,1670,3156
P002,W03,2026-08-02,3387,769,2618
P002,W04,2026-08-02,3854,980,2874
P002,W05,2026-08-02,3041,1063,1978
P002,W06,2026-08-02,1291,309,982
P002,W07,2026-08-02,2338,733,1605
P002,W08,2026-08-02,2182,255,1927
P003,W01,2026-08-02,1568,81,1487
P003,W02,2026-08-02,1523,303,1220
P003,W03,2026-08-02,2060,586,1474
P003,W04,2026-08-02,1094,309,785
P003,W05,2026-08-02,1129,231,898
P003,W06,2026-08-02,1023,304,719
P003,W07,2026-08-02,1797,575,1222
P003,W08,2026-08-02,2105,115,1990
P004,W01,2026-08-02,550,68,482
P004,W02,2026-08-02,1319,235,1084
P004,W03,2026-08-02,1597,466,1131
P004,W04,2026-08-02,1039,146,893
P004,W05,2026-08-02,598,171,427
P004,W06,2026-08-02,1061,232,829
P004,W07,2026-08-02,547,108,439
P004,W08,2026-08-02,966,143,823
P005,W01,2026-08-02,4886,1557,3329
P005,W02,2026-08-02,5996,793,5203
P005,W03,2026-08-02,4936,1702,3234
P005,W04,2026-08-02,3529,873,2656
P005,W05,2026-08-02,1256,344,912
P005,W06,2026-08-02,5249,955,4294
P005,W07,2026-08-02,1764,489,1275
P005,W08,2026-08-02,5865,1936,3929
P006,W01,2026-08-02,2462,509,1953
P006,W02,2026-08-02,3152,1062,2090
P006,W03,2026-08-02,2931,744,2187
P006,W04,2026-08-02,5320,1062,4258
P006,W05,2026-08-02,969,120,849
P006,W06,2026-08-02,2230,221,2009
P006,W07,2026-08-02,3396,476,2920
P006,W08,2026-08-02,3522,641,2881
P007,W01,2026-08-02,6846,2152,4694
P007,W02,2026-08-02,3589,1150,2439
P007,W03,2026-08-02,5406,676,4730
P007,W04,2026-08-02,4254,1434,2820
P007,W05,2026-08-02,6053,1594,4459
P007,W06,2026-08-02,5330,706,4624
P007,W07,2026-08-02,6448,579,5869
P007,W08,2026-08-02,2625,745,1880
P008,W01,2026-08-02,6306,1300,5006
P008,W02,2026-08-02,4858,1686,3172
P008,W03,2026-08-02,1249,86,1163
P008,W04,2026-08-02,1586,170,1416
P008,W05,2026-08-02,944,129,815
P008,W06,2026-08-02,1757,434,1323
P008,W07,2026-08-02,3729,1219,2510
P008,W08,2026-08-02,4673,1045,3628
P009,W01,2026-08-02,1704,324,1380
P009,W02,2026-08-02,3719,702,3017
P009,W03,2026-08-02,845,79,766
P009,W04,2026-08-02,4581,1288,3293
P009,W05,2026-08-02,4779,1464,3315
P009,W06,2026-08-02,3989,984,3005
P009,W07,2026-08-02,1364,246,1118
P009,W08,2026-08-02,1454,294,1160
P010,W01,2026-08-02,2122,482,1640
P010,W02,2026-08-02,1855,572,1283
P010,W03,2026-08-02,1358,410,948
P010,W04,2026-08-02,2116,398,1718
P010,W05,2026-08-02,1024,275,749
P010,W06,2026-08-02,652,65,587
P010,W07,2026-08-02,728,155,573
P010,W08,2026-08-02,1574,400,1174
P011,W01,2026-08-02,538,72,466
P011,W02,2026-08-02,362,56,306
P011,W03,2026-08-02,833,70,763
P011,W04,2026-08-02,491,169,322
P011,W05,2026-08-02,257,52,205
P011,W06,2026-08-02,703,175,528
P011,W07,2026-08-02,886,84,802
P011,W08,2026-08-02,920,66,854
P012,W01,2026-08-02,1615,225,1390
P012,W02,2026-08-02,1093,342,751
P012,W03,2026-08-02,1484,286,1198
P012,W04,2026-08-02,2254,705,1549
P012,W05,2026-08-02,1091,205,886
P012,W06,2026-08-02,1111,91,1020
P012,W07,2026-08-02,2011,458,1553
P012,W08,2026-08-02,4254,1046,3208
P013,W01,2026-08-02,3342,193,3149
P013,W02,2026-08-02,1969,99,1870
P013,W03,2026-08-02,1904,601,1303
P013,W04,2026-08-02,1155,307,848
P013,W05,2026-08-02,3323,934,2389
P013,W06,2026-08-02,1831,547,1284
P013,W07,2026-08-02,2127,441,1686
P013,W08,2026-08-02,2269,791,1478
P014,W01,2026-08-02,4216,790,3426
P014,W02,2026-08-02,1354,258,1096
P014,W03,2026-08-02,3690,256,3434
P014,W04,2026-08-02,2680,276,2404
P014,W05,2026-08-02,2851,548,2303
P014,W06,2026-08-02,2765,367,2398
P014,W07,2026-08-02,3351,556,2795
P014,W08,2026-08-02,2064,115,1949
P015,W01,2026-08-02,703,154,549
P015,W02,2026-08-02,1475,325,1150
P015,W03,2026-08-02,1842,379,1463
P015,W04,2026-08-02,2082,326,1756
P015,W05,2026-08-02,1478,341,1137
P015,W06,2026-08-02,1047,285,762
P015,W07,2026-08-02,1344,337,1007
P015,W08,2026-08-02,659,127,532
P016,W01,2026-08-02,1353,365,988
P016,W02,2026-08-02,3660,582,3078
P016,W03,2026-08-02,3935,697,3238
P016,W04,2026-08-02,1985,157,1828
P016,W05,2026-08-02,3208,832,2376
P016,W06,2026-08-02,3310,809,2501
P016,W07,2026-08-02,3642,858,2784
P016,W08,2026-08-02,2511,687,1824
P017,W01,2026-08-02,1492,452,1040
P017,W02,2026-08-02,2708,165,2543
P017,W03,2026-08-02,2654,609,2045
P017,W04,2026-08-02,702,67,635
P017,W05,2026-08-02,4746,1413,3333
P017,W06,2026-08-02,5509,1018,4491
P017,W07,2026-08-02,3591,986,2605
P017,W08,2026-08-02,5763,932,4831
P018,W01,2026-08-02,1474,267,1207
P018,W02,2026-08-02,4687,599,4088
P018,W03,2026-08-02,2118,391,1727
P018,W04,2026-08-02,2263,687,1576
P018,W05,2026-08-02,2850,900,1950
P018,W06,2026-08-02,1641,354,1287
P018,W07,2026-08-02,3033,252,2781
P018,W08,2026-08-02,5235,1685,3550
P019,W01,2026-08-02,1549,456,1093
P019,W02,2026-08-02,737,252,485
P019,W03,2026-08-02,966,178,788
P019,W04,2026-08-02,1176,167,1009
P019,W05,2026-08-02,2505,801,1704
P019,W06,2026-08-02,472,124,348
P019,W07,2026-08-02,1469,400,1069
P019,W08,2026-08-02,469,96,373
P020,W01,2026-08-02,1925,280,1645
P020,W02,2026-08-02,2824,150,2674
P020,W03,2026-08-02,2662,371,2291
P020,W04,2026-08-02,1377,368,1009
P020,W05,2026-08-02,3043,699,2344
P020,W06,2026-08-02,3408,1165,2243
P020,W07,2026-08-02,3492,1014,2478
P020,W08,2026-08-02,1395,396,999
P021,W01,2026-08-02,3836,863,2973
P021,W02,2026-08-02,2684,533,2151
P021,W03,2026-08-02,1708,563,1145
P021,W04,2026-08-02,2284,518,1766
P021,W05,2026-08-02,5765,1424,4341
P021,W06,2026-08-02,864,68,796
P021,W07,2026-08-02,3539,917,2622
P021,W08,2026-08-02,2663,821,1842
P022,W01,2026-08-02,1736,285,1451
P022,W02,2026-08-02,1377,312,1065
P022,W03,2026-08-02,1646,195,1451
P022,W04,2026-08-02,1294,161,1133
P022,W05,2026-08-02,2679,578,2101
P022,W06,2026-08-02,1733,224,1509
P022,W07,2026-08-02,874,276,598
P022,W08,2026-08-02,1348,399,949
P023,W01,2026-08-02,2394,501,1893
P023,W02,2026-08-02,5911,1817,4094
P023,W03,2026-08-02,5050,1016,4034
P023,W04,2026-08-02,3345,504,2841
P023,W05,2026-08-02,4390,935,3455
P023,W06,2026-08-02,4909,1086,3823
P023,W07,2026-08-02,3482,427,3055
P023,W08,2026-08-02,2791,920,1871
P024,W01,2026-08-02,3194,825,2369
P024,W02,2026-08-02,2900,480,2420
P024,W03,2026-08-02,3267,368,2899
P024,W04,2026-08-02,3444,421,3023
P024,W05,2026-08-02,5450,1634,3816
P024,W06,2026-08-02,2149,366,1783
P024,W07,2026-08-02,3060,700,2360
P024,W08,2026-08-02,2920,646,2274
P025,W01,2026-08-02,1594,437,1157
P025,W02,2026-08-02,3836,471,3365
P025,W03,2026-08-02,1816,631,1185
P025,W04,2026-08-02,2693,348,2345
P025,W05,2026-08-02,2351,306,2045
P025,W06,2026-08-02,1033,158,875
P025,W07,2026-08-02,686,225,461
P025,W08,2026-08-02,2016,501,1515
P026,W01,2026-08-02,1969,608,1361
P026,W02,2026-08-02,2158,524,1634
P026,W03,2026-08-02,2470,204,2266
P026,W04,2026-08-02,306,21,285
P026,W05,2026-08-02,1753,436,1317
P026,W06,2026-08-02,3043,211,2832
P026,W07,2026-08-02,509,90,419
P026,W08,2026-08-02,1968,515,1453
P027,W01,2026-08-02,1655,438,1217
P027,W02,2026-08-02,1229,159,1070
P027,W03,2026-08-02,2911,985,1926
P027,W04,2026-08-02,1595,117,1478
P027,W05,2026-08-02,1743,241,1502
P027,W06,2026-08-02,1598,528,1070
P027,W07,2026-08-02,1041,252,789
P027,W08,2026-08-02,876,246,630
P028,W01,2026-08-02,530,171,359
P028,W02,2026-08-02,310,95,215
P028,W03,2026-08-02,572,82,490
P028,W04,2026-08-02,355,23,332
P028,W05,2026-08-02,289,21,268
P028,W06,2026-08-02,371,104,267
P028,W07,2026-08-02,554,109,445
P028,W08,2026-08-02,161,45,116
P029,W01,2026-08-02,1435,116,1319
P029,W02,2026-08-02,3101,1026,2075
P029,W03,2026-08-02,4944,828,4116
P029,W04,2026-08-02,3615,554,3061
P029,W05,2026-08-02,3142,279,2863
P029,W06,2026-08-02,3007,787,2220
P029,W07,2026-08-02,5604,1403,4201
P029,W08,2026-08-02,2771,852,1919
P030,W01,2026-08-02,1646,241,1405
P030,W02,2026-08-02,600,150,450
P030,W03,2026-08-02,3135,268,2867
P030,W04,2026-08-02,2825,229,2596
P030,W05,2026-08-02,3111,184,2927
P030,W06,2026-08-02,1334,232,1102
P030,W07,2026-08-02,2204,209,1995
P030,W08,2026-08-02,4120,330,3790
P001,W01,2026-07-26,187,11,176
P001,W02,2026-07-26,242,53,189
P001,W03,2026-07-26,663,155,508
P001,W04,2026-07-26,511,63,448
P001,W05,2026-07-26,828,79,749
P001,W06,2026-07-26,275,72,203
P001,W07,2026-07-26,1124,311,813
P001,W08,2026-07-26,413,121,292
P002,W01,2026-07-26,4274,304,3970
P002,W02,2026-07-26,3715,217,3498
P002,W03,2026-07-26,3726,927,2799
P002,W04,2026-07-26,1705,139,1566
P002,W05,2026-07-26,3627,331,3296
P002,W06,2026-07-26,1834,535,1299
P002,W07,2026-07-26,1524,183,1341
P002,W08,2026-07-26,1814,318,1496
P003,W01,2026-07-26,3116,918,2198
P003,W02,2026-07-26,1452,428,1024
P003,W03,2026-07-26,1304,113,1191
P003,W04,2026-07-26,851,52,799
