po_id,product_id,supplier_id,ordered_qty,received_qty,order_date,expected_date,actual_date,status
PO00001,P015,S12,6968,0,2026-06-13,2026-06-28,,OPEN
PO00002,P028,S09,7464,0,2026-07-03,2026-07-14,,OPEN
PO00003,P030,S07,5790,5790,2026-07-12,2026-07-26,2026-07-27,RECEIVED
PO00004,P024,S02,6988,6988,2026-07-05,2026-07-15,2026-07-14,RECEIVED
PO00005,P012,S08,431,431,2026-07-21,2026-08-06,2026-08-05,RECEIVED
PO00006,P009,S08,3937,3937,2026-07-25,2026-08-10,2026-08-10,RECEIVED
PO00007,P029,S06,3762,3008,2026-06-04,2026-06-13,2026-06-13,PARTIAL
PO00008,P009,S08,4876,4876,2026-06-15,2026-07-01,2026-07-01,RECEIVED
PO00009,P022,S11,857,368,2026-06-14,2026-06-27,2026-06-27,PARTIAL
PO00010,P003,S07,7729,7729,2026-07-25,2026-08-08,2026-08-09,RECEIVED
PO00011,P005,S05,4400,0,2026-06-24,2026-07-01,,OPEN
PO00012,P025,S05,1558,0,2026-06-24,2026-07-01,,OPEN
PO00013,P030,S07,647,647,2026-06-29,2026-07-13,2026-07-14,RECEIVED
PO00014,P015,S12,3720,0,2026-05-31,2026-06-15,,OPEN
PO00015,P014,S07,1396,1396,2026-07-30,2026-08-13,2026-08-13,RECEIVED
PO00016,P016,S09,5113,4181,2026-07-12,2026-07-23,2026-07-23,PARTIAL
PO00017,P002,S02,2898,0,2026-06-16,2026-06-26,,CANCELLED
PO00018,P012,S08,631,381,2026-06-13,2026-06-29,2026-06-29,PARTIAL
PO00019,P005,S05,4885,4885,2026-07-15,2026-07-22,2026-07-23,RECEIVED
PO00020,P025,S05,2177,2177,2026-06-22,2026-06-29,2026-07-01,RECEIVED
PO00021,P024,S02,3281,0,2026-06-25,2026-07-05,,CANCELLED
PO00022,P005,S05,1789,1789,2026-07-05,2026-07-12,2026-07-12,RECEIVED
PO00023,P010,S13,6014,0,2026-06-09,2026-06-26,,OPEN
PO00024,P018,S05,3194,3194,2026-07-07,2026-07-14,2026-07-13,RECEIVED
PO00025,P021,S13,1871,861,2026-08-01,2026-08-18,2026-08-20,PARTIAL
PO00026,P016,S09,5706,3969,2026-07-31,2026-08-11,2026-08-12,PARTIAL
PO00027,P012,S08,1846,1238,2026-06-30,2026-07-16,2026-07-16,PARTIAL
PO00028,P008,S05,893,0,2026-07-30,2026-08-06,,OPEN
PO00029,P012,S08,828,0,2026-07-12,2026-07-28,,OPEN
PO00030,P027,S03,2175,0,2026-07-08,2026-07-16,,CANCELLED
PO00031,P016,S09,6333,6333,2026-07-15,2026-07-26,2026-07-26,RECEIVED
PO00032,P029,S06,425,425,2026-07-01,2026-07-10,2026-07-10,RECEIVED
PO00033,P002,S02,1831,0,2026-07-12,2026-07-22,,CANCELLED
PO00034,P017,S02,7238,7238,2026-07-07,2026-07-17,2026-07-17,RECEIVED
PO00035,P003,S07,4125,4125,2026-05-30,2026-06-13,2026-06-13,RECEIVED
PO00036,P011,S07,904,187,2026-06-05,2026-06-19,,PARTIAL
PO00037,P024,S02,6691,0,2026-07-23,2026-08-02,,OPEN
PO00038,P030,S07,7529,0,2026-06-26,2026-07-10,,CANCELLED
PO00039,P007,S06,4329,2082,2026-06-27,2026-07-06,2026-07-06,PARTIAL
PO00040,P026,S03,6145,0,2026-07-27,2026-08-04,,OPEN
PO00041,P013,S08,7255,7255,2026-08-03,2026-08-19,2026-08-20,RECEIVED
PO00042,P023,S11,7065,7065,2026-05-29,2026-06-11,2026-06-12,RECEIVED
PO00043,P021,S13,1910,1600,2026-06-27,2026-07-14,2026-07-16,PARTIAL
PO00044,P002,S02,7279,3275,2026-08-01,2026-08-11,2026-08-12,PARTIAL
PO00045,P004,S04,6243,0,2026-07-05,2026-07-23,,CANCELLED
PO00046,P006,S03,1826,798,2026-07-06,2026-07-14,2026-07-16,PARTIAL
PO00047,P010,S13,3225,0,2026-05-28,2026-06-14,,OPEN
PO00048,P014,S07,204,151,2026-07-26,2026-08-09,2026-08-10,PARTIAL
PO00049,P017,S02,6851,5557,2026-07-14,2026-07-24,2026-07-25,PARTIAL
PO00050,P022,S11,1977,0,2026-06-27,2026-07-10,,OPEN
PO00051,P006,S03,2456,2456,2026-07-23,2026-07-31,2026-08-01,RECEIVED
PO00052,P008,S05,3263,3263,2026-06-15,2026-06-22,2026-06-22,RECEIVED
PO00053,P023,S11,6497,3939,2026-05-30,2026-06-12,2026-06-12,PARTIAL
PO00054,P015,S12,5253,3090,2026-06-03,2026-06-18,,PARTIAL
PO00055,P018,S05,1454,1454,2026-07-02,2026-07-09,2026-07-10,RECEIVED
PO00056,P030,S07,3132,0,2026-07-03,2026-07-17,,OPEN
PO00057,P008,S05,4480,0,2026-05-30,2026-06-06,,OPEN
PO00058,P009,S08,4101,2389,2026-05-28,2026-06-13,2026-06-14,PARTIAL
PO00059,P017,S02,1036,0,2026-07-31,2026-08-10,,CANCELLED
PO00060,P019,S11,4631,2572,2026-07-12,2026-07-25,,PARTIAL
PO00061,P027,S03,2149,0,2026-07-28,2026-08-05,,OPEN
PO00062,P014,S07,6556,2955,2026-07-26,2026-08-09,2026-08-10,PARTIAL
PO00063,P024,S02,4763,0,2026-07-02,2026-07-12,,OPEN
PO00064,P009,S08,5506,2223,2026-06-17,2026-07-03,2026-07-04,PARTIAL
PO00065,P002,S02,5460,5460,2026-07-20,2026-07-30,2026-07-30,RECEIVED
PO00066,P017,S02,2298,0,2026-07-06,2026-07-16,,OPEN
PO00067,P007,S06,6263,6263,2026-07-24,2026-08-02,2026-08-01,RECEIVED
PO00068,P013,S08,798,798,2026-07-24,2026-08-09,2026-08-09,RECEIVED
PO00069,P024,S02,7575,7575,2026-05-29,2026-06-08,2026-06-08,RECEIVED
PO00070,P016,S09,2230,2230,2026-07-05,2026-07-16,2026-07-15,RECEIVED
PO00071,P019,S11,3208,0,2026-07-07,2026-07-20,,OPEN
PO00072,P024,S02,6265,0,2026-06-07,2026-06-17,,OPEN
PO00073,P015,S12,6864,0,2026-06-15,2026-06-30,,OPEN
PO00074,P028,S09,4743,0,2026-05-29,2026-06-09,,CANCELLED
PO00075,P018,S05,203,203,2026-07-03,2026-07-10,2026-07-12,RECEIVED
PO00076,P017,S02,471,343,2026-06-04,2026-06-14,2026-06-16,PARTIAL
PO00077,P020,S15,4313,0,2026-06-08,2026-06-17,,OPEN
PO00078,P022,S11,6203,6203,2026-06-30,2026-07-13,2026-07-12,RECEIVED
PO00079,P029,S06,5216,0,2026-07-28,2026-08-06,,OPEN
PO00080,P018,S05,6914,0,2026-07-08,2026-07-15,,OPEN
PO00081,P011,S07,1347,0,2026-05-28,2026-06-11,,OPEN
PO00082,P009,S08,3914,2404,2026-06-22,2026-07-08,2026-07-10,PARTIAL
PO00083,P030,S07,3483,0,2026-06-21,2026-07-05,,OPEN
PO00084,P011,S07,4502,0,2026-06-07,2026-06-21,,OPEN
PO00085,P014,S07,5812,5812,2026-07-07,2026-07-21,2026-07-21,RECEIVED
PO00086,P026,S03,2218,850,2026-06-26,2026-07-04,,PARTIAL
PO00087,P028,S09,2430,1354,2026-07-17,2026-07-28,,PARTIAL
PO00088,P011,S07,7206,0,2026-06-08,2026-06-22,,OPEN
PO00089,P005,S05,3619,0,2026-06-17,2026-06-24,,OPEN
PO00090,P025,S05,2736,1707,2026-07-22,2026-07-29,2026-07-31,PARTIAL
PO00091,P009,S08,3627,3627,2026-06-30,2026-07-16,2026-07-15,RECEIVED
PO00092,P007,S06,1384,0,2026-07-10,2026-07-19,,CANCELLED
PO00093,P005,S05,7051,0,2026-06-13,2026-06-20,,CANCELLED
PO00094,P009,S08,3548,3548,2026-06-09,2026-06-25,2026-06-26,RECEIVED
PO00095,P013,S08,5734,5734,2026-07-27,2026-08-12,2026-08-13,RECEIVED
PO00096,P020,S15,661,661,2026-06-27,2026-07-06,2026-07-07,RECEIVED
PO00097,P025,S05,1199,1199,2026-06-24,2026-07-01,2026-07-02,RECEIVED
PO00098,P002,S02,4509,3652,2026-07-28,2026-08-07,2026-08-07,PARTIAL
PO00099,P024,S02,4864,4864,2026-05-26,2026-06-05,2026-06-06,RECEIVED
PO00100,P023,S11,7156,7156,2026-06-12,2026-06-25,2026-06-24,RECEIVED
PO00101,P014,S07,2743,2743,2026-07-13,2026-07-27,2026-07-28,RECEIVED
PO00102,P015,S12,6680,1442,2026-07-10,2026-07-25,,PARTIAL
PO00103,P024,S02,4502,0,2026-07-07,2026-07-17,,CANCELLED
PO00104,P009,S08,2742,2090,2026-05-30,2026-06-15,2026-06-15,PARTIAL
PO00105,P016,S09,1542,0,2026-05-26,2026-06-06,,OPEN
PO00106,P005,S05,3009,3009,2026-08-04,2026-08-11,2026-08-11,RECEIVED
PO00107,P016,S09,2228,2228,2026-06-03,2026-06-14,2026-06-14,RECEIVED
PO00108,P008,S05,6557,0,2026-07-03,2026-07-10,,OPEN
PO00109,P007,S06,4279,0,2026-07-15,2026-07-24,,CANCELLED
PO00110,P019,S11,4701,0,2026-06-13,2026-06-26,,OPEN
PO00111,P003,S07,1901,784,2026-06-04,2026-06-18,2026-06-20,PARTIAL
PO00112,P004,S04,2989,0,2026-05-30,2026-06-17,,OPEN
PO00113,P014,S07,2194,0,2026-06-07,2026-06-21,,CANCELLED
PO00114,P004,S04,5099,0,2026-06-15,2026-07-03,,OPEN
PO00115,P025,S05,6589,6589,2026-06-23,2026-06-30,2026-06-30,RECEIVED
PO00116,P028,S09,2062,595,2026-05-28,2026-06-08,,PARTIAL
PO00117,P006,S03,4739,0,2026-05-26,2026-06-03,,OPEN
PO00118,P017,S02,2898,2028,2026-06-16,2026-06-26,2026-06-27,PARTIAL
PO00119,P019,S11,4311,0,2026-06-03,2026-06-16,,OPEN
PO00120,P014,S07,2655,2655,2026-07-15,2026-07-29,2026-07-29,RECEIVED
PO00121,P002,S02,6388,6388,2026-06-30,2026-07-10,2026-07-12,RECEIVED
PO00122,P005,S05,2024,0,2026-06-08,2026-06-15,,OPEN
PO00123,P015,S12,6062,0,2026-07-30,2026-08-14,,OPEN
PO00124,P022,S11,911,0,2026-07-28,2026-08-10,,CANCELLED
PO00125,P020,S15,4924,0,2026-06-14,2026-06-23,,CANCELLED
PO00126,P024,S02,6768,3928,2026-06-20,2026-06-30,2026-06-30,PARTIAL
PO00127,P008,S05,7578,0,2026-08-04,2026-08-11,,OPEN
PO00128,P015,S12,7832,0,2026-07-23,2026-08-07,,OPEN
PO00129,P013,S08,540,387,2026-06-30,2026-07-16,2026-07-17,PARTIAL
PO00130,P010,S13,7003,0,2026-06-20,2026-07-07,,CANCELLED
PO00131,P028,S09,4779,0,2026-07-17,2026-07-28,,OPEN
PO00132,P028,S09,5133,1091,2026-07-04,2026-07-15,,PARTIAL
PO00133,P015,S12,4632,2079,2026-06-23,2026-07-08,,PARTIAL
PO00134,P005,S05,4251,4251,2026-07-02,2026-07-09,2026-07-10,RECEIVED
PO00135,P015,S12,1334,0,2026-07-08,2026-07-23,,OPEN
PO00136,P027,S03,1225,0,2026-08-02,2026-08-10,,OPEN
PO00137,P011,S07,2832,1264,2026-07-16,2026-07-30,,PARTIAL
PO00138,P004,S04,6009,0,2026-05-31,2026-06-18,,OPEN
PO00139,P029,S06,5930,2854,2026-06-07,2026-06-16,2026-06-18,PARTIAL
PO00140,P013,S08,374,0,2026-06-12,2026-06-28,,OPEN
PO00141,P020,S15,574,574,2026-07-07,2026-07-16,2026-07-16,RECEIVED
PO00142,P029,S06,7072,0,2026-08-02,2026-08-11,,OPEN
PO00143,P016,S09,2734,2288,2026-07-09,2026-07-20,2026-07-20,PARTIAL
PO00144,P027,S03,1204,0,2026-06-02,2026-06-10,,OPEN
PO00145,P027,S03,1184,1184,2026-06-08,2026-06-16,2026-06-17,RECEIVED
PO00146,P011,S07,5704,0,2026-07-23,2026-08-06,,CANCELLED
PO00147,P015,S12,7388,0,2026-07-21,2026-08-05,,OPEN
PO00148,P012,S08,4000,3398,2026-07-09,2026-07-25,2026-07-27,PARTIAL
PO00149,P024,S02,3574,0,2026-07-27,2026-08-06,,OPEN
PO00150,P021,S13,4687,4687,2026-06-12,2026-06-29,2026-06-29,RECEIVED
PO00151,P022,S11,7778,7778,2026-05-28,2026-06-10,2026-06-10,RECEIVED
PO00152,P003,S07,2588,0,2026-07-20,2026-08-03,,OPEN
PO00153,P030,S07,4072,3333,2026-05-26,2026-06-09,2026-06-11,PARTIAL
PO00154,P015,S12,5827,0,2026-07-20,2026-08-04,,OPEN
PO00155,P006,S03,3661,0,2026-05-26,2026-06-03,,OPEN
PO00156,P021,S13,5048,2399,2026-07-27,2026-08-13,2026-08-14,PARTIAL
PO00157,P018,S05,1156,546,2026-06-29,2026-07-06,2026-07-08,PARTIAL
PO00158,P008,S05,2880,0,2026-07-16,2026-07-23,,CANCELLED
PO00159,P025,S05,5579,5579,2026-06-12,2026-06-19,2026-06-19,RECEIVED
PO00160,P022,S11,6750,6750,2026-06-10,2026-06-23,2026-06-22,RECEIVED
PO00161,P001,S10,763,0,2026-08-01,2026-08-21,,OPEN
PO00162,P003,S07,6269,6269,2026-06-27,2026-07-11,2026-07-12,RECEIVED
PO00163,P008,S05,7999,7999,2026-06-04,2026-06-11,2026-06-11,RECEIVED
PO00164,P022,S11,3652,2594,2026-06-21,2026-07-04,2026-07-05,PARTIAL
PO00165,P003,S07,1985,0,2026-06-04,2026-06-18,,CANCELLED
PO00166,P027,S03,3460,3460,2026-06-11,2026-06-19,2026-06-19,RECEIVED
PO00167,P022,S11,3201,3201,2026-05-30,2026-06-12,2026-06-11,RECEIVED
PO00168,P017,S02,6919,3787,2026-06-17,2026-06-27,2026-06-29,PARTIAL
PO00169,P010,S13,393,111,2026-07-06,2026-07-23,,PARTIAL
PO00170,P009,S08,4785,4785,2026-08-01,2026-08-17,2026-08-18,RECEIVED
PO00171,P001,S10,6975,0,2026-06-16,2026-07-06,,OPEN
PO00172,P015,S12,5478,0,2026-07-08,2026-07-23,,OPEN
PO00173,P008,S05,4481,4481,2026-07-05,2026-07-12,2026-07-12,RECEIVED
PO00174,P008,S05,1620,1620,2026-06-26,2026-07-03,2026-07-05,RECEIVED
PO00175,P020,S15,5472,3654,2026-07-03,2026-07-12,2026-07-13,PARTIAL
PO00176,P018,S05,6031,3362,2026-06-26,2026-07-03,2026-07-03,PARTIAL
PO00177,P017,S02,6458,0,2026-06-27,2026-07-07,,CANCELLED
PO00178,P011,S07,6220,0,2026-07-28,2026-08-11,,OPEN
PO00179,P006,S03,5095,3401,2026-06-07,2026-06-15,2026-06-17,PARTIAL
PO00180,P007,S06,3280,0,2026-08-01,2026-08-10,,CANCELLED
PO00181,P013,S08,224,0,2026-06-06,2026-06-22,,CANCELLED
PO00182,P003,S07,4529,4529,2026-06-19,2026-07-03,2026-07-02,RECEIVED
PO00183,P017,S02,3706,0,2026-07-01,2026-07-11,,OPEN
PO00184,P017,S02,4076,0,2026-07-13,2026-07-23,,CANCELLED
PO00185,P006,S03,5182,2291,2026-06-30,2026-07-08,2026-07-10,PARTIAL
PO00186,P011,S07,4455,1512,2026-07-21,2026-08-04,,PARTIAL
PO00187,P019,S11,6163,3573,2026-06-24,2026-07-07,,PARTIAL
PO00188,P025,S05,7348,7348,2026-07-21,2026-07-28,2026-07-27,RECEIVED
PO00189,P024,S02,2222,0,2026-06-13,2026-06-23,,OPEN
PO00190,P029,S06,5141,4043,2026-08-03,2026-08-12,2026-08-12,PARTIAL
PO00191,P001,S10,3350,0,2026-06-14,2026-07-04,,OPEN
PO00192,P009,S08,3722,0,2026-07-24,2026-08-09,,OPEN
PO00193,P023,S11,5531,4545,2026-06-22,2026-07-05,2026-07-07,PARTIAL
PO00194,P020,S15,6171,0,2026-06-22,2026-07-01,,OPEN
PO00195,P011,S07,1138,0,2026-06-25,2026-07-09,,OPEN
PO00196,P017,S02,810,810,2026-06-02,2026-06-12,2026-06-12,RECEIVED
PO00197,P024,S02,428,428,2026-07-03,2026-07-13,2026-07-13,RECEIVED
PO00198,P029,S06,4724,0,2026-07-28,2026-08-06,,OPEN
PO00199,P029,S06,448,0,2026-08-02,2026-08-11,,OPEN
PO00200,P008,S05,5335,0,2026-05-29,2026-06-05,,CANCELLED
PO00201,P017,S02,6373,0,2026-06-02,2026-06-12,,OPEN
PO00202,P011,S07,2142,0,2026-07-19,2026-08-02,,OPEN
PO00203,P006,S03,3578,0,2026-06-19,2026-06-27,,OPEN
PO00204,P009,S08,4479,4479,2026-06-17,2026-07-03,2026-07-04,RECEIVED
PO00205,P026,S03,5221,0,2026-07-26,2026-08-03,,OPEN
PO00206,P030,S07,6977,6977,2026-06-28,2026-07-12,2026-07-11,RECEIVED
PO00207,P018,S05,5289,5289,2026-07-06,2026-07-13,2026-07-12,RECEIVED
PO00208,P004,S04,2657,0,2026-07-18,2026-08-05,,CANCELLED
PO00209,P027,S03,1143,0,2026-06-06,2026-06-14,,OPEN
PO00210,P021,S13,7962,3203,2026-08-04,2026-08-21,2026-08-22,PARTIAL
PO00211,P012,S08,478,218,2026-08-01,2026-08-17,2026-08-17,PARTIAL
PO00212,P020,S15,5533,4241,2026-07-20,2026-07-29,2026-07-29,PARTIAL
PO00213,P018,S05,6738,6738,2026-07-02,2026-07-09,2026-07-09,RECEIVED
PO00214,P021,S13,444,444,2026-08-03,2026-08-20,2026-08-19,RECEIVED
PO00215,P022,S11,4017,0,2026-06-13,2026-06-26,,OPEN
PO00216,P005,S05,5531,5531,2026-06-04,2026-06-11,2026-06-11,RECEIVED
PO00217,P028,S09,4485,0,2026-07-10,2026-07-21,,OPEN
PO00218,P007,S06,2254,2254,2026-06-26,2026-07-05,2026-07-05,RECEIVED
PO00219,P013,S08,3319,3319,2026-08-03,2026-08-19,2026-08-18,RECEIVED
PO00220,P019,S11,3471,0,2026-07-14,2026-07-27,,OPEN
PO00221,P024,S02,7243,7243,2026-07-28,2026-08-07,2026-08-07,RECEIVED
PO00222,P006,S03,4776,0,2026-07-29,2026-08-06,,CANCELLED
PO00223,P028,S09,2832,0,2026-07-20,2026-07-31,,OPEN
PO00224,P017,S02,6747,0,2026-07-01,2026-07-11,,OPEN
PO00225,P010,S13,7245,0,2026-06-07,2026-06-24,,CANCELLED
PO00226,P013,S08,1591,1274,2026-07-03,2026-07-19,2026-07-19,PARTIAL
PO00227,P003,S07,5703,5703,2026-06-22,2026-07-06,2026-07-05,RECEIVED
PO00228,P012,S08,2139,1007,2026-06-27,2026-07-13,2026-07-13,PARTIAL
PO00229,P026,S03,6299,0,2026-07-12,2026-07-20,,OPEN
PO00230,P028,S09,1515,0,2026-07-04,2026-07-15,,CANCELLED
PO00231,P010,S13,251,0,2026-07-04,2026-07-21,,OPEN
PO00232,P004,S04,3002,627,2026-06-06,2026-06-24,,PARTIAL
PO00233,P016,S09,2891,0,2026-07-24,2026-08-04,,OPEN
PO00234,P028,S09,5536,0,2026-05-26,2026-06-06,,OPEN
PO00235,P006,S03,5548,5548,2026-07-13,2026-07-21,2026-07-23,RECEIVED
PO00236,P028,S09,7441,0,2026-06-26,2026-07-07,,OPEN
PO00237,P007,S06,3340,3340,2026-07-02,2026-07-11,2026-07-11,RECEIVED
PO00238,P007,S06,1357,0,2026-06-16,2026-06-25,,OPEN
PO00239,P004,S04,7092,2081,2026-06-30,2026-07-18,,PARTIAL
PO00240,P012,S08,5533,5533,2026-07-10,2026-07-26,2026-07-26,RECEIVED
PO00241,P012,S08,478,478,2026-06-13,2026-06-29,2026-06-28,RECEIVED
PO00242,P006,S03,6098,6098,2026-06-21,2026-06-29,2026-06-28,RECEIVED
PO00243,P020,S15,1938,0,2026-07-31,2026-08-09,,OPEN
PO00244,P017,S02,4758,0,2026-06-18,2026-06-28,,OPEN
PO00245,P018,S05,718,718,2026-06-24,2026-07-01,2026-07-01,RECEIVED
PO00246,P025,S05,5387,0,2026-07-25,2026-08-01,,CANCELLED
PO00247,P028,S09,6962,0,2026-08-03,2026-08-14,,OPEN
PO00248,P030,S07,4354,4354,2026-07-07,2026-07-21,2026-07-22,RECEIVED
PO00249,P009,S08,5407,5407,2026-06-21,2026-07-07,2026-07-07,RECEIVED
PO00250,P022,S11,5132,5132,2026-07-27,2026-08-09,2026-08-08,RECEIVED
PO00251,P016,S09,1560,1560,2026-06-03,2026-06-14,2026-06-14,RECEIVED
PO00252,P025,S05,4904,4904,2026-07-17,2026-07-24,2026-07-23,RECEIVED
PO00253,P026,S03,5721,0,2026-07-03,2026-07-11,,OPEN
PO00254,P004,S04,295,0,2026-07-22,2026-08-09,,OPEN
PO00255,P012,S08,4447,0,2026-07-09,2026-07-25,,CANCELLED
PO00256,P025,S05,4291,2075,2026-07-03,2026-07-10,2026-07-11,PARTIAL
PO00257,P002,S02,5544,2461,2026-07-24,2026-08-03,2026-08-03,PARTIAL
PO00258,P019,S11,4348,0,2026-06-02,2026-06-15,,CANCELLED
PO00259,P005,S05,1652,0,2026-07-23,2026-07-30,,OPEN
PO00260,P007,S06,5215,5215,2026-07-23,2026-08-01,2026-08-01,RECEIVED
PO00261,P017,S02,2548,2548,2026-07-30,2026-08-09,2026-08-09,RECEIVED
PO00262,P011,S07,1216,0,2026-06-06,2026-06-20,,OPEN
PO00263,P018,S05,1346,1017,2026-08-02,2026-08-09,2026-08-11,PARTIAL
PO00264,P015,S12,1406,492,2026-07-06,2026-07-21,,PARTIAL
PO00265,P013,S08,7079,7079,2026-06-23,2026-07-09,2026-07-10,RECEIVED
PO00266,P012,S08,4104,2977,2026-05-28,2026-06-13,2026-06-14,PARTIAL
PO00267,P025,S05,1377,838,2026-06-23,2026-06-30,2026-06-30,PARTIAL
PO00268,P004,S04,6069,0,2026-07-05,2026-07-23,,CANCELLED
PO00269,P023,S11,4507,4507,2026-06-22,2026-07-05,2026-07-05,RECEIVED
PO00270,P011,S07,6479,0,2026-06-21,2026-07-05,,OPEN
PO00271,P021,S13,909,909,2026-07-19,2026-08-05,2026-08-05,RECEIVED
PO00272,P016,S09,7372,7372,2026-07-23,2026-08-03,2026-08-04,RECEIVED
PO00273,P024,S02,5613,0,2026-06-07,2026-06-17,,OPEN
PO00274,P013,S08,5857,5857,2026-08-01,2026-08-17,2026-08-16,RECEIVED
PO00275,P017,S02,7922,0,2026-07-15,2026-07-25,,OPEN
PO00276,P010,S13,2413,0,2026-05-30,2026-06-16,,OPEN
PO00277,P030,S07,783,337,2026-07-22,2026-08-05,2026-08-07,PARTIAL
PO00278,P001,S10,1090,0,2026-07-16,2026-08-05,,OPEN
PO00279,P007,S06,4279,4279,2026-06-06,2026-06-15,2026-06-15,RECEIVED
PO00280,P025,S05,2602,2602,2026-06-27,2026-07-04,2026-07-05,RECEIVED
PO00281,P009,S08,4374,4374,2026-06-01,2026-06-17,2026-06-16,RECEIVED
PO00282,P025,S05,3693,3693,2026-08-03,2026-08-10,2026-08-09,RECEIVED
PO00283,P029,S06,1106,1106,2026-07-30,2026-08-08,2026-08-08,RECEIVED
PO00284,P007,S06,4620,2031,2026-06-17,2026-06-26,2026-06-28,PARTIAL
PO00285,P015,S12,6827,0,2026-06-24,2026-07-09,,OPEN
PO00286,P024,S02,5443,5443,2026-08-01,2026-08-11,2026-08-10,RECEIVED
PO00287,P017,S02,3951,2323,2026-07-31,2026-08-10,2026-08-11,PARTIAL
PO00288,P009,S08,5028,2265,2026-06-03,2026-06-19,2026-06-21,PARTIAL
PO00289,P010,S13,6176,0,2026-06-13,2026-06-30,,OPEN
PO00290,P016,S09,6470,0,2026-07-13,2026-07-24,,OPEN
PO00291,P021,S13,3028,3028,2026-07-01,2026-07-18,2026-07-17,RECEIVED
PO00292,P026,S03,2992,0,2026-07-27,2026-08-04,,OPEN
PO00293,P025,S05,7415,0,2026-07-25,2026-08-01,,OPEN
PO00294,P023,S11,5767,3656,2026-07-26,2026-08-08,2026-08-10,PARTIAL
PO00295,P029,S06,6721,0,2026-06-07,2026-06-16,,OPEN
PO00296,P007,S06,2885,0,2026-06-18,2026-06-27,,OPEN
PO00297,P016,S09,6640,0,2026-07-11,2026-07-22,,OPEN
PO00298,P004,S04,2580,0,2026-07-29,2026-08-16,,OPEN
PO00299,P025,S05,753,753,2026-07-09,2026-07-16,2026-07-15,RECEIVED
PO00300,P004,S04,6496,0,2026-08-02,2026-08-20,,OPEN
PO00301,P028,S09,944,0,2026-06-13,2026-06-24,,OPEN
PO00302,P029,S06,3913,3913,2026-06-30,2026-07-09,2026-07-08,RECEIVED
PO00303,P020,S15,5202,3137,2026-06-16,2026-06-25,2026-06-25,PARTIAL
PO00304,P023,S11,5522,5522,2026-06-23,2026-07-06,2026-07-05,RECEIVED
PO00305,P017,S02,4431,2068,2026-06-01,2026-06-11,2026-06-11,PARTIAL
PO00306,P020,S15,4603,2465,2026-06-07,2026-06-16,2026-06-18,PARTIAL
PO00307,P022,S11,5450,0,2026-07-22,2026-08-04,,CANCELLED
PO00308,P011,S07,5513,0,2026-05-30,2026-06-13,,CANCELLED
PO00309,P011,S07,7209,3748,2026-07-31,2026-08-14,,PARTIAL
PO00310,P004,S04,3473,0,2026-06-11,2026-06-29,,CANCELLED
PO00311,P013,S08,4726,0,2026-07-29,2026-08-14,,OPEN
PO00312,P001,S10,451,0,2026-06-24,2026-07-14,,OPEN
PO00313,P023,S11,3246,0,2026-06-27,2026-07-10,,OPEN
PO00314,P014,S07,3062,1463,2026-07-17,2026-07-31,2026-08-01,PARTIAL
PO00315,P011,S07,7849,0,2026-08-02,2026-08-16,,CANCELLED
PO00316,P016,S09,587,352,2026-06-12,2026-06-23,2026-06-25,PARTIAL
PO00317,P023,S11,1835,1835,2026-06-09,2026-06-22,2026-06-22,RECEIVED
PO00318,P012,S08,6953,0,2026-07-17,2026-08-02,,OPEN
PO00319,P001,S10,6634,0,2026-06-19,2026-07-09,,OPEN
PO00320,P008,S05,3835,0,2026-06-09,2026-06-16,,CANCELLED
PO00321,P024,S02,4065,4065,2026-06-22,2026-07-02,2026-07-02,RECEIVED
PO00322,P002,S02,1159,0,2026-07-31,2026-08-10,,OPEN
PO00323,P018,S05,4344,2840,2026-06-29,2026-07-06,2026-07-06,PARTIAL
PO00324,P015,S12,2711,0,2026-06-18,2026-07-03,,OPEN
PO00325,P021,S13,744,0,2026-06-27,2026-07-14,,OPEN
PO00326,P027,S03,5322,5322,2026-06-02,2026-06-10,2026-06-10,RECEIVED
PO00327,P017,S02,4169,4169,2026-05-26,2026-06-05,2026-06-07,RECEIVED
PO00328,P026,S03,234,85,2026-06-05,2026-06-13,,PARTIAL
PO00329,P023,S11,5322,0,2026-06-06,2026-06-19,,CANCELLED
PO00330,P022,S11,398,398,2026-07-07,2026-07-20,2026-07-21,RECEIVED
PO00331,P014,S07,536,277,2026-07-23,2026-08-06,2026-08-07,PARTIAL
PO00332,P027,S03,376,376,2026-07-15,2026-07-23,2026-07-25,RECEIVED
PO00333,P009,S08,6701,2728,2026-06-28,2026-07-14,2026-07-15,PARTIAL
PO00334,P018,S05,6610,0,2026-06-27,2026-07-04,,OPEN
PO00335,P003,S07,1661,0,2026-06-23,2026-07-07,,OPEN
PO00336,P028,S09,1863,0,2026-07-17,2026-07-28,,OPEN
PO00337,P015,S12,5295,2635,2026-06-16,2026-07-01,,PARTIAL
PO00338,P013,S08,6232,0,2026-07-24,2026-08-09,,CANCELLED
PO00339,P011,S07,1436,375,2026-06-28,2026-07-12,,PARTIAL
PO00340,P022,S11,6811,6811,2026-06-30,2026-07-13,2026-07-13,RECEIVED
PO00341,P019,S11,4280,0,2026-07-13,2026-07-26,,OPEN
PO00342,P022,S11,5696,5696,2026-06-07,2026-06-20,2026-06-21,RECEIVED
PO00343,P018,S05,5607,0,2026-06-04,2026-06-11,,OPEN
PO00344,P009,S08,1687,0,2026-07-14,2026-07-30,,OPEN
PO00345,P026,S03,3975,0,2026-06-28,2026-07-06,,OPEN
PO00346,P003,S07,6158,3557,2026-07-24,2026-08-07,2026-08-08,PARTIAL
PO00347,P010,S13,6387,3179,2026-08-03,2026-08-20,,PARTIAL
PO00348,P023,S11,7751,7751,2026-06-05,2026-06-18,2026-06-18,RECEIVED
PO00349,P018,S05,3647,0,2026-07-05,2026-07-12,,CANCELLED
PO00350,P004,S04,2328,0,2026-06-21,2026-07-09,,OPEN
PO00351,P027,S03,2224,1471,2026-07-31,2026-08-08,2026-08-08,PARTIAL
PO00352,P005,S05,4496,2053,2026-07-10,2026-07-17,2026-07-19,PARTIAL
PO00353,P003,S07,3167,3167,2026-06-21,2026-07-05,2026-07-05,RECEIVED
PO00354,P023,S11,2824,2824,2026-07-23,2026-08-05,2026-08-05,RECEIVED
PO00355,P023,S11,6362,6362,2026-07-05,2026-07-18,2026-07-17,RECEIVED
PO00356,P020,S15,2996,2996,2026-05-27,2026-06-05,2026-06-04,RECEIVED
PO00357,P018,S05,2631,0,2026-07-31,2026-08-07,,CANCELLED
PO00358,P011,S07,5050,0,2026-07-26,2026-08-09,,OPEN
PO00359,P012,S08,810,0,2026-07-27,2026-08-12,,OPEN
PO00360,P026,S03,6187,0,2026-06-08,2026-06-16,,OPEN
PO00361,P013,S08,330,330,2026-06-29,2026-07-15,2026-07-14,RECEIVED
PO00362,P015,S12,388,0,2026-06-20,2026-07-05,,OPEN
PO00363,P006,S03,6588,0,2026-07-29,2026-08-06,,CANCELLED
PO00364,P022,S11,4008,0,2026-07-22,2026-08-04,,OPEN
PO00365,P017,S02,7706,4364,2026-05-28,2026-06-07,2026-06-08,PARTIAL
PO00366,P007,S06,6715,6715,2026-07-13,2026-07-22,2026-07-24,RECEIVED
PO00367,P023,S11,2214,2214,2026-06-04,2026-06-17,2026-06-16,RECEIVED
PO00368,P001,S10,831,213,2026-08-01,2026-08-21,,PARTIAL
PO00369,P006,S03,1283,0,2026-06-29,2026-07-07,,CANCELLED
PO00370,P014,S07,5201,5201,2026-07-27,2026-08-10,2026-08-12,RECEIVED
PO00371,P014,S07,5412,3538,2026-07-08,2026-07-22,2026-07-22,PARTIAL
PO00372,P023,S11,3916,3916,2026-06-06,2026-06-19,2026-06-20,RECEIVED
PO00373,P008,S05,3821,0,2026-06-12,2026-06-19,,CANCELLED
PO00374,P016,S09,2361,0,2026-06-08,2026-06-19,,OPEN
PO00375,P030,S07,4587,0,2026-07-20,2026-08-03,,OPEN
PO00376,P025,S05,2036,2036,2026-05-28,2026-06-04,2026-06-05,RECEIVED
PO00377,P007,S06,1859,1229,2026-06-25,2026-07-04,2026-07-04,PARTIAL
PO00378,P025,S05,4901,0,2026-06-20,2026-06-27,,CANCELLED
PO00379,P019,S11,4901,0,2026-07-21,2026-08-03,,OPEN
PO00380,P029,S06,3687,3687,2026-06-27,2026-07-06,2026-07-07,RECEIVED
PO00381,P002,S02,7834,7834,2026-06-19,2026-06-29,2026-06-29,RECEIVED
PO00382,P023,S11,2868,0,2026-06-24,2026-07-07,,OPEN
PO00383,P008,S05,5763,5763,2026-06-21,2026-06-28,2026-06-27,RECEIVED
PO00384,P024,S02,5609,3772,2026-07-01,2026-07-11,2026-07-12,PARTIAL
PO00385,P013,S08,757,583,2026-06-13,2026-06-29,2026-07-01,PARTIAL
PO00386,P014,S07,3696,2555,2026-06-19,2026-07-03,2026-07-05,PARTIAL
PO00387,P026,S03,922,0,2026-07-15,2026-07-23,,OPEN
PO00388,P022,S11,869,0,2026-07-14,2026-07-27,,OPEN
PO00389,P028,S09,6724,0,2026-06-19,2026-06-30,,OPEN
PO00390,P028,S09,7200,0,2026-06-24,2026-07-05,,OPEN
PO00391,P017,S02,882,882,2026-07-08,2026-07-18,2026-07-17,RECEIVED
PO00392,P015,S12,1343,0,2026-07-02,2026-07-17,,CANCELLED
PO00393,P026,S03,2781,0,2026-06-05,2026-06-13,,OPEN
PO00394,P005,S05,269,0,2026-05-28,2026-06-04,,OPEN
PO00395,P025,S05,3229,0,2026-07-10,2026-07-17,,OPEN
PO00396,P027,S03,5195,0,2026-07-24,2026-08-01,,CANCELLED
PO00397,P001,S10,3409,0,2026-06-07,2026-06-27,,CANCELLED
PO00398,P013,S08,6553,6553,2026-08-04,2026-08-20,2026-08-19,RECEIVED
PO00399,P008,S05,1254,0,2026-07-01,2026-07-08,,CANCELLED
PO00400,P030,S07,224,224,2026-06-06,2026-06-20,2026-06-20,RECEIVED
PO00401,P009,S08,7053,5934,2026-07-06,2026-07-22,2026-07-22,PARTIAL
PO00402,P021,S13,5811,5811,2026-07-20,2026-08-06,2026-08-08,RECEIVED
PO00403,P006,S03,1458,0,2026-07-06,2026-07-14,,OPEN
PO00404,P028,S09,3803,0,2026-06-17,2026-06-28,,OPEN
PO00405,P028,S09,588,0,2026-07-31,2026-08-11,,OPEN
PO00406,P017,S02,1181,1181,2026-07-24,2026-08-03,2026-08-04,RECEIVED
PO00407,P025,S05,827,0,2026-07-02,2026-07-09,,OPEN
PO00408,P002,S02,3909,3909,2026-07-12,2026-07-22,2026-07-22,RECEIVED
PO00409,P008,S05,5655,5655,2026-06-09,2026-06-16,2026-06-16,RECEIVED
PO00410,P021,S13,6779,0,2026-06-16,2026-07-03,,OPEN
PO00411,P006,S03,727,727,2026-06-20,2026-06-28,2026-06-27,RECEIVED
PO00412,P019,S11,5458,0,2026-06-05,2026-06-18,,CANCELLED
PO00413,P014,S07,3446,3446,2026-06-19,2026-07-03,2026-07-04,RECEIVED
PO00414,P014,S07,6764,0,2026-07-21,2026-08-04,,OPEN
PO00415,P024,S02,6328,6328,2026-07-06,2026-07-16,2026-07-16,RECEIVED
PO00416,P025,S05,7988,7988,2026-06-13,2026-06-20,2026-06-22,RECEIVED
PO00417,P008,S05,3679,3679,2026-08-03,2026-08-10,2026-08-10,RECEIVED
PO00418,P025,S05,2966,2966,2026-05-30,2026-06-06,2026-06-06,RECEIVED
PO00419,P014,S07,4151,2817,2026-07-17,2026-07-31,2026-08-01,PARTIAL
PO00420,P023,S11,4973,4973,2026-07-28,2026-08-10,2026-08-09,RECEIVED
PO00421,P007,S06,7059,3033,2026-05-28,2026-06-06,2026-06-07,PARTIAL
PO00422,P023,S11,7281,3779,2026-07-13,2026-07-26,2026-07-26,PARTIAL
PO00423,P004,S04,5303,2623,2026-08-01,2026-08-19,,PARTIAL
PO00424,P025,S05,1936,1269,2026-07-01,2026-07-08,2026-07-09,PARTIAL
PO00425,P010,S13,3440,0,2026-07-12,2026-07-29,,OPEN
PO00426,P013,S08,1024,0,2026-08-04,2026-08-20,,CANCELLED
PO00427,P005,S05,5098,5098,2026-06-27,2026-07-04,2026-07-04,RECEIVED
PO00428,P006,S03,2605,1371,2026-06-18,2026-06-26,2026-06-26,PARTIAL
PO00429,P010,S13,4726,0,2026-07-23,2026-08-09,,OPEN
PO00430,P014,S07,4691,0,2026-07-24,2026-08-07,,OPEN
PO00431,P015,S12,4548,0,2026-06-23,2026-07-08,,OPEN
PO00432,P019,S11,2204,1175,2026-07-30,2026-08-12,,PARTIAL
PO00433,P010,S13,3166,0,2026-06-04,2026-06-21,,OPEN
PO00434,P001,S10,4936,0,2026-06-06,2026-06-26,,OPEN
PO00435,P027,S03,7514,7514,2026-07-30,2026-08-07,2026-08-07,RECEIVED
PO00436,P016,S09,6544,6544,2026-06-17,2026-06-28,2026-06-27,RECEIVED
PO00437,P010,S13,1285,0,2026-07-17,2026-08-03,,CANCELLED
PO00438,P024,S02,215,0,2026-07-08,2026-07-18,,OPEN
PO00439,P029,S06,877,877,2026-07-27,2026-08-05,2026-08-04,RECEIVED
PO00440,P010,S13,5309,1328,2026-06-14,2026-07-01,,PARTIAL
PO00441,P002,S02,6095,0,2026-08-01,2026-08-11,,OPEN
PO00442,P012,S08,1266,1266,2026-06-14,2026-06-30,2026-06-30,RECEIVED
PO00443,P021,S13,3419,3419,2026-07-28,2026-08-14,2026-08-15,RECEIVED
PO00444,P025,S05,1682,1682,2026-07-30,2026-08-06,2026-08-06,RECEIVED
PO00445,P020,S15,4001,0,2026-07-16,2026-07-25,,OPEN
PO00446,P019,S11,4106,0,2026-07-22,2026-08-04,,OPEN
PO00447,P018,S05,2222,0,2026-06-19,2026-06-26,,CANCELLED
PO00448,P026,S03,4838,0,2026-07-27,2026-08-04,,CANCELLED
PO00449,P005,S05,2354,2354,2026-07-17,2026-07-24,2026-07-26,RECEIVED
PO00450,P021,S13,5557,0,2026-05-31,2026-06-17,,OPEN
PO00451,P022,S11,7835,0,2026-07-28,2026-08-10,,CANCELLED
PO00452,P002,S02,1182,1182,2026-07-30,2026-08-09,2026-08-11,RECEIVED
PO00453,P020,S15,5118,5118,2026-06-03,2026-06-12,2026-06-12,RECEIVED
PO00454,P019,S11,6124,0,2026-07-01,2026-07-14,,OPEN
PO00455,P017,S02,594,594,2026-06-13,2026-06-23,2026-06-23,RECEIVED
PO00456,P009,S08,4455,4455,2026-06-20,2026-07-06,2026-07-08,RECEIVED
PO00457,P010,S13,2599,0,2026-06-21,2026-07-08,,OPEN
PO00458,P007,S06,4217,0,2026-07-23,2026-08-01,,OPEN
PO00459,P015,S12,1991,713,2026-07-04,2026-07-19,,PARTIAL
PO00460,P028,S09,869,0,2026-06-09,2026-06-20,,OPEN
PO00461,P007,S06,215,155,2026-07-10,2026-07-19,2026-07-21,PARTIAL
PO00462,P023,S11,1817,0,2026-07-05,2026-07-18,,OPEN
PO00463,P030,S07,4151,1852,2026-07-28,2026-08-11,2026-08-11,PARTIAL
PO00464,P008,S05,7307,0,2026-07-26,2026-08-02,,OPEN
PO00465,P010,S13,5072,1866,2026-06-27,2026-07-14,,PARTIAL
PO00466,P017,S02,4643,4643,2026-07-29,2026-08-08,2026-08-07,RECEIVED
PO00467,P021,S13,880,0,2026-06-26,2026-07-13,,OPEN
PO00468,P014,S07,1068,0,2026-07-25,2026-08-08,,OPEN
PO00469,P014,S07,1113,555,2026-06-27,2026-07-11,2026-07-13,PARTIAL
PO00470,P004,S04,6302,2072,2026-08-02,2026-08-20,,PARTIAL
PO00471,P020,S15,3224,3224,2026-06-01,2026-06-10,2026-06-11,RECEIVED
PO00472,P017,S02,4220,2343,2026-07-21,2026-07-31,2026-08-02,PARTIAL
PO00473,P030,S07,6833,6833,2026-06-08,2026-06-22,2026-06-21,RECEIVED
PO00474,P013,S08,4672,4672,2026-07-07,2026-07-23,2026-07-24,RECEIVED
PO00475,P008,S05,6642,3354,2026-06-18,2026-06-25,2026-06-27,PARTIAL
PO00476,P020,S15,5528,2414,2026-08-04,2026-08-13,2026-08-14,PARTIAL
PO00477,P010,S13,2937,0,2026-06-20,2026-07-07,,OPEN
PO00478,P007,S06,1931,1931,2026-07-28,2026-08-06,2026-08-05,RECEIVED
PO00479,P003,S07,4837,3093,2026-06-08,2026-06-22,2026-06-24,PARTIAL
PO00480,P019,S11,7385,1583,2026-06-20,2026-07-03,,PARTIAL
PO00481,P018,S05,1845,984,2026-06-24,2026-07-01,2026-07-03,PARTIAL
PO00482,P004,S04,4254,0,2026-07-12,2026-07-30,,OPEN
PO00483,P004,S04,1860,0,2026-07-25,2026-08-12,,OPEN
PO00484,P023,S11,6742,6742,2026-07-18,2026-07-31,2026-07-31,RECEIVED
PO00485,P002,S02,2506,0,2026-05-30,2026-06-09,,OPEN
PO00486,P023,S11,6512,6512,2026-07-09,2026-07-22,2026-07-21,RECEIVED
PO00487,P027,S03,1934,1934,2026-07-19,2026-07-27,2026-07-26,RECEIVED
PO00488,P027,S03,4444,4444,2026-07-01,2026-07-09,2026-07-11,RECEIVED
PO00489,P010,S13,4848,0,2026-06-12,2026-06-29,,OPEN
PO00490,P013,S08,5624,2746,2026-07-09,2026-07-25,2026-07-25,PARTIAL
PO00491,P012,S08,7550,6121,2026-06-20,2026-07-06,2026-07-08,PARTIAL
PO00492,P005,S05,3925,0,2026-06-29,2026-07-06,,CANCELLED
PO00493,P002,S02,5511,3362,2026-07-24,2026-08-03,2026-08-03,PARTIAL
PO00494,P003,S07,5704,3354,2026-06-20,2026-07-04,2026-07-04,PARTIAL
PO00495,P008,S05,1666,1666,2026-07-17,2026-07-24,2026-07-26,RECEIVED
PO00496,P012,S08,3661,1766,2026-07-24,2026-08-09,2026-08-09,PARTIAL
PO00497,P027,S03,2412,2412,2026-07-12,2026-07-20,2026-07-21,RECEIVED
PO00498,P009,S08,7006,0,2026-06-10,2026-06-26,,OPEN
PO00499,P003,S07,5882,3704,2026-07-26,2026-08-09,2026-08-09,PARTIAL
PO00500,P023,S11,7902,0,2026-07-31,2026-08-13,,CANCELLED
