order_id,product_id,warehouse_id,order_qty,promised_date,delivery_date,status
SO00001,P027,W07,631,2026-06-18,2026-06-18,DELIVERED
SO00002,P024,W07,197,2026-08-09,2026-08-11,DELIVERED
SO00003,P001,W05,218,2026-06-26,,OPEN
SO00004,P028,W08,308,2026-08-20,,BACKORDER
SO00005,P014,W04,152,2026-07-13,2026-07-13,SHIPPED
SO00006,P007,W08,108,2026-08-05,2026-08-05,SHIPPED
SO00007,P017,W04,128,2026-08-08,2026-08-08,SHIPPED
SO00008,P029,W03,310,2026-06-28,2026-06-30,SHIPPED
SO00009,P016,W04,410,2026-06-26,,CONFIRMED
SO00010,P027,W03,33,2026-07-27,2026-07-27,SHIPPED
SO00011,P010,W04,306,2026-07-02,2026-07-03,DELIVERED
SO00012,P021,W03,395,2026-08-03,2026-08-04,DELIVERED
SO00013,P004,W04,233,2026-07-31,2026-08-05,DELIVERED
SO00014,P026,W06,345,2026-07-26,2026-07-29,DELIVERED
SO00015,P012,W02,496,2026-08-07,2026-08-09,DELIVERED
SO00016,P004,W03,162,2026-07-07,2026-07-12,SHIPPED
SO00017,P021,W03,718,2026-07-26,,CONFIRMED
SO00018,P003,W06,702,2026-08-11,,OPEN
SO00019,P021,W02,552,2026-08-18,,OPEN
SO00020,P002,W03,757,2026-07-09,,CONFIRMED
SO00021,P030,W06,174,2026-07-09,2026-07-11,SHIPPED
SO00022,P004,W06,673,2026-08-04,2026-08-09,SHIPPED
SO00023,P002,W02,509,2026-07-31,,OPEN
SO00024,P004,W03,737,2026-08-08,,CONFIRMED
SO00025,P008,W07,651,2026-07-22,2026-07-23,DELIVERED
SO00026,P018,W02,489,2026-08-03,,OPEN
SO00027,P022,W06,50,2026-08-07,,BACKORDER
SO00028,P003,W04,237,2026-07-05,2026-07-06,SHIPPED
SO00029,P016,W07,761,2026-06-17,2026-06-18,DELIVERED
SO00030,P014,W02,771,2026-07-06,2026-07-07,DELIVERED
SO00031,P011,W08,422,2026-07-21,,CONFIRMED
SO00032,P018,W05,705,2026-06-19,2026-06-21,DELIVERED
SO00033,P015,W04,747,2026-08-16,,CONFIRMED
SO00034,P028,W07,676,2026-07-04,,CANCELLED
SO00035,P013,W02,746,2026-06-18,,OPEN
SO00036,P011,W08,577,2026-07-08,,CONFIRMED
SO00037,P025,W08,135,2026-08-06,,OPEN
SO00038,P015,W03,776,2026-07-18,,CONFIRMED
SO00039,P016,W05,631,2026-08-01,,CONFIRMED
SO00040,P010,W01,342,2026-07-07,2026-07-09,SHIPPED
SO00041,P003,W08,745,2026-06-29,2026-06-29,DELIVERED
SO00042,P029,W06,749,2026-07-20,2026-07-22,DELIVERED
SO00043,P011,W06,762,2026-07-10,,CONFIRMED
SO00044,P004,W06,565,2026-07-17,2026-07-20,SHIPPED
SO00045,P013,W06,612,2026-07-19,2026-07-21,DELIVERED
SO00046,P028,W04,473,2026-07-02,2026-07-07,DELIVERED
SO00047,P016,W01,483,2026-07-23,,BACKORDER
SO00048,P002,W05,418,2026-08-14,2026-08-16,DELIVERED
SO00049,P019,W06,57,2026-06-19,,CONFIRMED
SO00050,P022,W04,678,2026-07-09,,CONFIRMED
SO00051,P001,W08,39,2026-07-29,,CONFIRMED
SO00052,P014,W02,782,2026-07-04,2026-07-06,DELIVERED
SO00053,P008,W07,125,2026-07-28,2026-07-29,DELIVERED
SO00054,P024,W03,346,2026-07-25,,BACKORDER
SO00055,P008,W08,280,2026-07-16,,OPEN
SO00056,P003,W02,163,2026-07-02,,BACKORDER
SO00057,P007,W01,457,2026-07-28,2026-07-28,DELIVERED
SO00058,P004,W04,211,2026-08-16,,BACKORDER
SO00059,P025,W08,748,2026-08-17,2026-08-17,SHIPPED
SO00060,P007,W01,116,2026-08-20,2026-08-22,SHIPPED
SO00061,P010,W08,114,2026-07-17,2026-07-21,DELIVERED
SO00062,P010,W05,548,2026-07-03,,CANCELLED
SO00063,P015,W05,379,2026-08-07,2026-08-10,DELIVERED
SO00064,P001,W02,149,2026-07-14,,OPEN
SO00065,P014,W04,132,2026-08-09,,CONFIRMED
SO00066,P021,W02,369,2026-07-16,2026-07-18,DELIVERED
SO00067,P021,W01,311,2026-07-26,,CONFIRMED
SO00068,P019,W01,719,2026-07-11,,OPEN
SO00069,P024,W04,335,2026-07-20,2026-07-20,DELIVERED
SO00070,P027,W05,698,2026-07-18,,CONFIRMED
SO00071,P028,W01,150,2026-07-12,,BACKORDER
SO00072,P017,W01,138,2026-07-29,2026-07-29,DELIVERED
SO00073,P018,W06,675,2026-08-06,2026-08-08,SHIPPED
SO00074,P009,W04,290,2026-08-11,2026-08-11,DELIVERED
SO00075,P001,W07,651,2026-06-15,,OPEN
SO00076,P030,W06,95,2026-08-12,,CONFIRMED
SO00077,P026,W07,307,2026-06-17,,CANCELLED
SO00078,P011,W07,557,2026-06-22,,BACKORDER
SO00079,P018,W06,498,2026-08-05,,CONFIRMED
SO00080,P013,W04,307,2026-08-08,2026-08-09,SHIPPED
SO00081,P028,W04,29,2026-06-23,2026-06-28,DELIVERED
SO00082,P016,W06,705,2026-07-10,2026-07-10,SHIPPED
SO00083,P028,W03,437,2026-07-09,,CANCELLED
SO00084,P012,W02,337,2026-06-28,2026-06-28,DELIVERED
SO00085,P012,W01,328,2026-08-12,2026-08-13,SHIPPED
SO00086,P029,W05,589,2026-06-19,2026-06-21,DELIVERED
SO00087,P025,W08,44,2026-07-02,2026-07-02,DELIVERED
SO00088,P026,W06,684,2026-07-11,2026-07-15,SHIPPED
SO00089,P006,W08,212,2026-07-24,2026-07-26,DELIVERED
SO00090,P028,W07,348,2026-07-03,,BACKORDER
SO00091,P003,W02,759,2026-08-15,2026-08-15,DELIVERED
SO00092,P008,W02,716,2026-07-09,,OPEN
SO00093,P023,W07,487,2026-08-04,2026-08-06,SHIPPED
SO00094,P030,W03,712,2026-07-11,2026-07-13,SHIPPED
SO00095,P010,W04,176,2026-08-14,2026-08-18,DELIVERED
SO00096,P017,W07,36,2026-08-20,2026-08-20,DELIVERED
SO00097,P020,W03,608,2026-07-18,2026-07-18,SHIPPED
SO00098,P007,W08,22,2026-06-28,2026-06-28,SHIPPED
SO00099,P023,W01,577,2026-08-06,2026-08-07,DELIVERED
SO00100,P012,W07,510,2026-06-26,2026-06-27,SHIPPED
SO00101,P019,W04,490,2026-07-13,2026-07-15,DELIVERED
SO00102,P007,W07,483,2026-08-03,2026-08-04,DELIVERED
SO00103,P028,W04,287,2026-08-16,,BACKORDER
SO00104,P007,W04,248,2026-08-05,2026-08-05,SHIPPED
SO00105,P020,W07,78,2026-07-07,2026-07-08,SHIPPED
SO00106,P022,W05,390,2026-07-06,2026-07-06,DELIVERED
SO00107,P025,W08,435,2026-07-01,,CANCELLED
SO00108,P030,W01,239,2026-08-18,2026-08-19,DELIVERED
SO00109,P013,W07,129,2026-07-16,,OPEN
SO00110,P013,W05,59,2026-07-08,2026-07-10,DELIVERED
SO00111,P008,W06,528,2026-07-09,,CONFIRMED
SO00112,P004,W07,586,2026-06-26,,CONFIRMED
SO00113,P024,W02,534,2026-06-26,2026-06-27,SHIPPED
SO00114,P003,W03,486,2026-07-03,,OPEN
SO00115,P006,W06,355,2026-08-03,,OPEN
SO00116,P018,W01,496,2026-07-31,,CONFIRMED
SO00117,P008,W04,768,2026-07-07,2026-07-07,DELIVERED
SO00118,P004,W05,780,2026-08-17,2026-08-18,DELIVERED
SO00119,P024,W07,657,2026-08-10,,BACKORDER
SO00120,P022,W05,144,2026-06-29,2026-07-01,SHIPPED
SO00121,P019,W08,372,2026-07-20,,OPEN
SO00122,P001,W06,125,2026-08-04,,BACKORDER
SO00123,P005,W06,635,2026-07-05,2026-07-05,SHIPPED
SO00124,P020,W06,460,2026-07-02,,CONFIRMED
SO00125,P030,W04,657,2026-08-02,,OPEN
SO00126,P010,W01,400,2026-07-12,2026-07-16,DELIVERED
SO00127,P022,W05,610,2026-08-14,,OPEN
SO00128,P015,W07,272,2026-08-05,2026-08-05,SHIPPED
SO00129,P026,W04,399,2026-08-01,,OPEN
SO00130,P005,W04,700,2026-06-18,2026-06-19,DELIVERED
SO00131,P003,W06,147,2026-07-28,,CONFIRMED
SO00132,P024,W07,397,2026-08-03,2026-08-05,DELIVERED
SO00133,P023,W05,331,2026-07-07,2026-07-09,DELIVERED
SO00134,P014,W04,556,2026-07-30,,CANCELLED
SO00135,P029,W04,724,2026-07-09,,CONFIRMED
SO00136,P028,W08,363,2026-08-15,,BACKORDER
SO00137,P003,W05,678,2026-06-24,2026-06-26,SHIPPED
SO00138,P016,W01,114,2026-08-18,2026-08-19,SHIPPED
SO00139,P007,W06,386,2026-07-18,2026-07-20,SHIPPED
SO00140,P029,W07,772,2026-07-17,2026-07-18,DELIVERED
SO00141,P013,W03,745,2026-08-11,,CONFIRMED
SO00142,P012,W03,693,2026-08-11,,OPEN
SO00143,P013,W01,719,2026-07-27,2026-07-29,DELIVERED
SO00144,P017,W04,501,2026-07-12,,CONFIRMED
SO00145,P008,W04,205,2026-07-08,,CONFIRMED
SO00146,P026,W04,729,2026-07-30,,BACKORDER
SO00147,P020,W07,444,2026-07-14,2026-07-16,DELIVERED
SO00148,P019,W08,132,2026-07-21,2026-07-26,DELIVERED
SO00149,P024,W03,754,2026-07-31,2026-08-01,DELIVERED
SO00150,P003,W02,266,2026-08-02,2026-08-02,DELIVERED
SO00151,P015,W06,559,2026-08-10,2026-08-12,DELIVERED
SO00152,P003,W07,560,2026-08-11,2026-08-11,DELIVERED
SO00153,P010,W02,390,2026-07-05,2026-07-08,DELIVERED
SO00154,P005,W05,572,2026-07-27,2026-07-28,DELIVERED
SO00155,P025,W03,246,2026-07-04,2026-07-05,SHIPPED
SO00156,P023,W05,571,2026-07-12,2026-07-13,SHIPPED
SO00157,P026,W04,424,2026-08-02,2026-08-06,SHIPPED
SO00158,P008,W02,186,2026-07-08,,CONFIRMED
SO00159,P008,W05,396,2026-07-07,,OPEN
SO00160,P009,W06,674,2026-07-12,,CONFIRMED
SO00161,P021,W05,530,2026-07-30,2026-07-31,DELIVERED
SO00162,P014,W03,617,2026-07-24,,CONFIRMED
SO00163,P024,W07,573,2026-07-17,2026-07-19,DELIVERED
SO00164,P030,W04,12,2026-07-18,,BACKORDER
SO00165,P004,W02,357,2026-07-27,,CONFIRMED
SO00166,P012,W04,573,2026-08-10,2026-08-11,SHIPPED
SO00167,P003,W08,557,2026-06-27,,CONFIRMED
SO00168,P010,W01,315,2026-07-07,2026-07-09,SHIPPED
SO00169,P012,W08,173,2026-06-28,,CONFIRMED
SO00170,P006,W01,152,2026-08-15,2026-08-15,DELIVERED
SO00171,P013,W07,329,2026-06-27,2026-06-27,DELIVERED
SO00172,P025,W02,373,2026-08-14,2026-08-14,DELIVERED
SO00173,P008,W03,520,2026-07-14,,BACKORDER
SO00174,P009,W08,643,2026-08-05,2026-08-06,SHIPPED
SO00175,P027,W06,266,2026-06-29,2026-07-01,DELIVERED
SO00176,P009,W01,366,2026-07-22,2026-07-23,DELIVERED
SO00177,P017,W08,349,2026-07-24,2026-07-25,DELIVERED
SO00178,P019,W01,722,2026-08-04,,CONFIRMED
SO00179,P021,W02,743,2026-08-03,2026-08-03,SHIPPED
SO00180,P004,W03,332,2026-08-19,,CONFIRMED
SO00181,P004,W08,338,2026-07-31,2026-08-03,DELIVERED
SO00182,P004,W04,505,2026-07-27,,CONFIRMED
SO00183,P024,W03,797,2026-06-14,2026-06-15,SHIPPED
SO00184,P015,W02,233,2026-07-04,2026-07-08,DELIVERED
SO00185,P021,W08,719,2026-07-07,,CONFIRMED
SO00186,P025,W04,109,2026-08-19,2026-08-20,DELIVERED
SO00187,P011,W07,242,2026-06-20,,BACKORDER
SO00188,P028,W02,432,2026-07-07,,CANCELLED
SO00189,P021,W05,194,2026-08-06,2026-08-06,SHIPPED
SO00190,P005,W07,157,2026-06-26,,CONFIRMED
SO00191,P002,W04,663,2026-08-09,2026-08-10,SHIPPED
SO00192,P007,W07,60,2026-07-03,2026-07-04,SHIPPED
SO00193,P002,W06,544,2026-07-26,2026-07-28,DELIVERED
SO00194,P007,W08,398,2026-07-30,,CONFIRMED
SO00195,P025,W01,401,2026-06-27,2026-06-28,DELIVERED
SO00196,P026,W02,81,2026-06-28,,BACKORDER
SO00197,P002,W01,459,2026-08-06,2026-08-06,DELIVERED
SO00198,P013,W01,461,2026-08-16,2026-08-16,DELIVERED
SO00199,P011,W06,322,2026-06-24,2026-06-24,SHIPPED
SO00200,P005,W05,289,2026-08-06,2026-08-06,DELIVERED
SO00201,P020,W01,207,2026-07-27,2026-07-28,DELIVERED
SO00202,P016,W06,17,2026-08-13,,CANCELLED
SO00203,P022,W03,482,2026-08-14,2026-08-15,DELIVERED
SO00204,P021,W02,589,2026-08-01,,OPEN
SO00205,P026,W03,59,2026-08-22,,BACKORDER
SO00206,P011,W03,160,2026-07-18,2026-07-21,SHIPPED
SO00207,P010,W04,289,2026-08-09,2026-08-09,DELIVERED
SO00208,P010,W08,594,2026-07-25,2026-07-28,DELIVERED
SO00209,P017,W08,487,2026-08-14,2026-08-16,DELIVERED
SO00210,P019,W08,614,2026-07-08,2026-07-11,DELIVERED
SO00211,P020,W01,494,2026-06-22,2026-06-22,DELIVERED
SO00212,P001,W05,384,2026-07-29,,BACKORDER
SO00213,P029,W01,420,2026-08-05,2026-08-06,SHIPPED
SO00214,P004,W03,408,2026-07-17,,OPEN
SO00215,P029,W02,57,2026-08-06,2026-08-07,DELIVERED
SO00216,P006,W02,742,2026-07-16,2026-07-17,DELIVERED
SO00217,P007,W08,369,2026-07-27,2026-07-28,SHIPPED
SO00218,P011,W01,724,2026-07-24,,BACKORDER
SO00219,P001,W07,213,2026-07-05,,OPEN
SO00220,P022,W04,420,2026-07-09,2026-07-10,DELIVERED
SO00221,P020,W02,529,2026-06-30,2026-07-01,DELIVERED
SO00222,P007,W01,362,2026-08-05,2026-08-06,DELIVERED
SO00223,P010,W06,469,2026-07-04,,OPEN
SO00224,P025,W01,800,2026-08-01,,CONFIRMED
SO00225,P027,W01,298,2026-06-20,2026-06-21,SHIPPED
SO00226,P019,W07,13,2026-08-03,,CONFIRMED
SO00227,P023,W03,535,2026-08-15,2026-08-16,DELIVERED
SO00228,P030,W07,797,2026-07-26,,CONFIRMED
SO00229,P018,W03,723,2026-08-02,,CONFIRMED
SO00230,P020,W04,628,2026-07-06,2026-07-06,DELIVERED
SO00231,P014,W04,459,2026-07-30,,CONFIRMED
SO00232,P018,W06,165,2026-07-04,,CONFIRMED
SO00233,P003,W02,572,2026-07-06,,OPEN
SO00234,P024,W03,115,2026-07-27,2026-07-27,SHIPPED
SO00235,P007,W08,239,2026-07-31,,CONFIRMED
SO00236,P006,W02,305,2026-07-08,2026-07-09,DELIVERED
SO00237,P011,W07,605,2026-06-29,2026-07-01,DELIVERED
SO00238,P027,W02,15,2026-07-07,2026-07-09,SHIPPED
SO00239,P020,W04,598,2026-06-26,2026-06-26,DELIVERED
SO00240,P029,W03,376,2026-07-15,,CONFIRMED
SO00241,P018,W08,33,2026-06-26,2026-06-27,DELIVERED
SO00242,P016,W01,235,2026-06-26,2026-06-27,SHIPPED
SO00243,P028,W07,332,2026-08-09,,OPEN
SO00244,P001,W08,111,2026-07-23,2026-07-24,SHIPPED
SO00245,P004,W05,688,2026-06-27,,OPEN
SO00246,P009,W03,489,2026-07-09,2026-07-10,DELIVERED
SO00247,P017,W06,723,2026-07-16,2026-07-18,DELIVERED
SO00248,P019,W06,158,2026-07-28,,CONFIRMED
SO00249,P015,W02,290,2026-06-24,2026-06-24,SHIPPED
SO00250,P009,W01,223,2026-07-17,2026-07-19,DELIVERED
SO00251,P002,W03,85,2026-07-04,2026-07-04,DELIVERED
SO00252,P018,W07,42,2026-08-08,,OPEN
SO00253,P003,W07,494,2026-08-22,,BACKORDER
SO00254,P002,W08,101,2026-08-12,2026-08-12,DELIVERED
SO00255,P025,W08,275,2026-07-14,2026-07-14,SHIPPED
SO00256,P002,W03,161,2026-08-01,,CONFIRMED
SO00257,P002,W02,454,2026-07-10,2026-07-11,SHIPPED
SO00258,P003,W04,401,2026-06-20,,CONFIRMED
SO00259,P001,W07,317,2026-07-28,2026-08-01,SHIPPED
SO00260,P014,W04,164,2026-06-22,2026-06-23,SHIPPED
SO00261,P018,W05,603,2026-07-06,2026-07-07,SHIPPED
SO00262,P004,W07,482,2026-07-17,,CANCELLED
SO00263,P030,W07,132,2026-07-20,,OPEN
SO00264,P027,W07,40,2026-08-01,2026-08-03,DELIVERED
SO00265,P027,W01,191,2026-07-03,,CONFIRMED
SO00266,P006,W04,519,2026-07-14,,CONFIRMED
SO00267,P023,W06,277,2026-08-07,2026-08-07,DELIVERED
SO00268,P003,W01,210,2026-08-08,2026-08-10,SHIPPED
SO00269,P002,W01,585,2026-07-24,2026-07-25,SHIPPED
SO00270,P013,W08,383,2026-07-04,,CONFIRMED
SO00271,P023,W03,441,2026-07-29,,OPEN
SO00272,P015,W08,353,2026-07-08,,BACKORDER
SO00273,P029,W06,291,2026-08-18,2026-08-20,DELIVERED
SO00274,P003,W06,296,2026-08-03,,CONFIRMED
SO00275,P007,W08,503,2026-07-10,2026-07-11,DELIVERED
SO00276,P027,W01,36,2026-08-07,2026-08-07,SHIPPED
SO00277,P009,W05,94,2026-07-13,,OPEN
SO00278,P018,W01,373,2026-07-28,2026-07-28,DELIVERED
SO00279,P001,W08,589,2026-08-10,,CONFIRMED
SO00280,P007,W01,338,2026-08-11,,OPEN
SO00281,P010,W06,279,2026-07-20,2026-07-20,SHIPPED
SO00282,P023,W08,561,2026-06-25,2026-06-26,SHIPPED
SO00283,P017,W05,453,2026-08-06,,CONFIRMED
SO00284,P004,W01,773,2026-07-30,,CONFIRMED
SO00285,P016,W04,139,2026-08-07,2026-08-09,DELIVERED
SO00286,P012,W03,737,2026-07-15,,CONFIRMED
SO00287,P024,W04,236,2026-07-17,2026-07-18,SHIPPED
SO00288,P029,W06,743,2026-06-29,2026-07-01,SHIPPED
SO00289,P022,W03,694,2026-07-05,,CANCELLED
SO00290,P022,W08,452,2026-08-06,2026-08-06,DELIVERED
SO00291,P010,W05,228,2026-08-08,,OPEN
SO00292,P025,W07,723,2026-08-14,2026-08-15,SHIPPED
SO00293,P026,W05,421,2026-07-03,,BACKORDER
SO00294,P004,W07,721,2026-08-04,,CONFIRMED
SO00295,P024,W04,699,2026-08-06,2026-08-07,DELIVERED
SO00296,P024,W01,634,2026-07-17,2026-07-19,DELIVERED
SO00297,P009,W07,204,2026-08-13,2026-08-15,DELIVERED
SO00298,P027,W08,72,2026-07-19,2026-07-19,DELIVERED
SO00299,P001,W02,773,2026-08-08,,BACKORDER
SO00300,P014,W01,80,2026-07-28,,CONFIRMED
SO00301,P028,W01,677,2026-06-27,,CONFIRMED
SO00302,P002,W08,456,2026-08-08,2026-08-10,DELIVERED
SO00303,P023,W05,558,2026-08-21,2026-08-22,SHIPPED
SO00304,P012,W03,147,2026-08-12,,CONFIRMED
SO00305,P011,W05,170,2026-07-04,2026-07-07,SHIPPED
SO00306,P012,W07,534,2026-07-19,2026-07-19,DELIVERED
SO00307,P008,W01,451,2026-06-25,,BACKORDER
SO00308,P025,W05,36,2026-07-16,2026-07-18,DELIVERED
SO00309,P018,W06,596,2026-07-06,2026-07-08,SHIPPED
SO00310,P030,W04,429,2026-08-13,,CONFIRMED
SO00311,P026,W07,264,2026-08-01,2026-08-01,DELIVERED
SO00312,P006,W06,191,2026-06-30,,CONFIRMED
SO00313,P007,W07,695,2026-07-04,,CONFIRMED
SO00314,P016,W05,311,2026-07-13,2026-07-15,SHIPPED
SO00315,P004,W01,388,2026-07-03,2026-07-06,SHIPPED
SO00316,P010,W08,656,2026-08-09,,OPEN
SO00317,P020,W03,56,2026-07-28,,BACKORDER
SO00318,P026,W03,334,2026-08-02,,OPEN
SO00319,P003,W07,310,2026-06-26,2026-06-28,DELIVERED
SO00320,P003,W07,478,2026-08-11,2026-08-12,SHIPPED
SO00321,P018,W06,76,2026-07-02,2026-07-04,DELIVERED
SO00322,P007,W01,299,2026-07-18,2026-07-18,SHIPPED
SO00323,P021,W02,794,2026-07-18,2026-07-20,SHIPPED
SO00324,P002,W05,27,2026-08-04,2026-08-06,DELIVERED
SO00325,P023,W05,260,2026-08-06,2026-08-07,DELIVERED
SO00326,P027,W01,769,2026-08-02,,OPEN
SO00327,P028,W04,269,2026-07-07,,OPEN
SO00328,P010,W05,216,2026-06-26,2026-07-01,DELIVERED
SO00329,P007,W01,735,2026-07-04,2026-07-05,DELIVERED
SO00330,P016,W05,755,2026-06-27,2026-06-29,DELIVERED
SO00331,P012,W08,326,2026-08-01,2026-08-02,DELIVERED
SO00332,P023,W03,670,2026-07-25,2026-07-25,DELIVERED
SO00333,P013,W03,205,2026-07-25,2026-07-27,SHIPPED
SO00334,P024,W01,317,2026-07-06,2026-07-06,DELIVERED
SO00335,P009,W03,642,2026-08-02,2026-08-03,SHIPPED
SO00336,P001,W08,652,2026-06-26,,CONFIRMED
SO00337,P027,W03,71,2026-06-25,,OPEN
SO00338,P016,W03,590,2026-06-20,2026-06-21,DELIVERED
SO00339,P001,W04,102,2026-07-01,2026-07-03,SHIPPED
SO00340,P005,W03,188,2026-08-03,2026-08-05,DELIVERED
SO00341,P002,W04,174,2026-07-07,2026-07-07,DELIVERED
SO00342,P002,W04,147,2026-07-11,,BACKORDER
SO00343,P023,W03,179,2026-07-10,2026-07-11,SHIPPED
SO00344,P019,W04,326,2026-07-22,2026-07-23,DELIVERED
SO00345,P011,W05,598,2026-06-17,,BACKORDER
SO00346,P022,W03,52,2026-07-08,,CONFIRMED
SO00347,P019,W03,732,2026-08-10,2026-08-12,SHIPPED
SO00348,P008,W07,194,2026-08-12,2026-08-14,SHIPPED
SO00349,P007,W08,794,2026-08-06,,BACKORDER
SO00350,P030,W04,388,2026-08-21,2026-08-22,DELIVERED
SO00351,P017,W07,59,2026-08-12,2026-08-13,SHIPPED
SO00352,P019,W07,620,2026-06-23,,CONFIRMED
SO00353,P027,W03,390,2026-07-12,2026-07-12,DELIVERED
SO00354,P025,W01,531,2026-08-08,,CONFIRMED
SO00355,P009,W01,731,2026-07-30,,CONFIRMED
SO00356,P012,W06,339,2026-07-13,2026-07-13,DELIVERED
SO00357,P012,W03,556,2026-08-02,2026-08-03,DELIVERED
SO00358,P002,W05,316,2026-08-08,,CANCELLED
SO00359,P010,W02,316,2026-07-23,,CONFIRMED
SO00360,P029,W05,684,2026-07-10,,CANCELLED
SO00361,P004,W06,55,2026-06-24,2026-06-28,DELIVERED
SO00362,P006,W01,284,2026-08-02,2026-08-02,DELIVERED
SO00363,P022,W02,40,2026-07-22,2026-07-23,SHIPPED
SO00364,P004,W01,584,2026-08-17,2026-08-19,DELIVERED
SO00365,P006,W05,28,2026-08-20,2026-08-20,DELIVERED
SO00366,P016,W02,301,2026-07-22,2026-07-22,DELIVERED
SO00367,P028,W05,591,2026-07-25,,BACKORDER
SO00368,P021,W08,167,2026-07-01,2026-07-02,SHIPPED
SO00369,P024,W05,591,2026-06-26,2026-06-28,DELIVERED
SO00370,P006,W01,289,2026-07-25,2026-07-25,DELIVERED
SO00371,P018,W03,502,2026-08-04,2026-08-06,SHIPPED
SO00372,P002,W04,433,2026-08-01,,CONFIRMED
SO00373,P022,W03,319,2026-08-12,2026-08-12,SHIPPED
SO00374,P005,W04,134,2026-08-18,,CONFIRMED
SO00375,P006,W08,399,2026-08-02,2026-08-04,SHIPPED
SO00376,P014,W05,201,2026-08-08,,OPEN
SO00377,P026,W04,107,2026-07-09,,CONFIRMED
SO00378,P015,W03,648,2026-08-23,2026-08-27,SHIPPED
SO00379,P011,W06,456,2026-08-14,,BACKORDER
SO00380,P007,W03,676,2026-07-08,2026-07-08,SHIPPED
SO00381,P005,W03,66,2026-07-01,2026-07-03,SHIPPED
SO00382,P022,W05,450,2026-07-13,2026-07-14,SHIPPED
SO00383,P011,W05,349,2026-08-04,2026-08-09,SHIPPED
SO00384,P004,W03,155,2026-06-23,2026-06-24,DELIVERED
SO00385,P006,W06,387,2026-08-01,2026-08-03,DELIVERED
SO00386,P021,W07,541,2026-08-17,2026-08-18,DELIVERED
SO00387,P021,W07,110,2026-08-09,,OPEN
SO00388,P024,W05,639,2026-06-29,,CONFIRMED
SO00389,P010,W06,338,2026-08-15,2026-08-16,SHIPPED
SO00390,P011,W02,303,2026-08-06,,BACKORDER
SO00391,P001,W07,161,2026-06-24,,CONFIRMED
SO00392,P020,W02,397,2026-07-06,2026-07-08,DELIVERED
SO00393,P022,W03,138,2026-08-11,2026-08-11,SHIPPED
SO00394,P014,W03,152,2026-06-16,2026-06-16,DELIVERED
SO00395,P012,W04,768,2026-08-11,2026-08-13,SHIPPED
SO00396,P013,W01,487,2026-08-04,2026-08-06,DELIVERED
SO00397,P008,W05,438,2026-07-25,,CONFIRMED
SO00398,P008,W08,136,2026-08-07,2026-08-07,SHIPPED
SO00399,P024,W04,739,2026-08-13,2026-08-14,SHIPPED
SO00400,P003,W08,147,2026-06-18,2026-06-19,DELIVERED
SO00401,P030,W07,125,2026-08-06,2026-08-08,DELIVERED
SO00402,P015,W03,549,2026-07-17,2026-07-18,SHIPPED
SO00403,P007,W04,196,2026-06-27,2026-06-28,DELIVERED
SO00404,P020,W03,579,2026-07-04,,BACKORDER
SO00405,P011,W04,378,2026-06-28,2026-06-30,SHIPPED
SO00406,P028,W06,120,2026-08-21,,CANCELLED
SO00407,P015,W03,709,2026-08-10,,BACKORDER
SO00408,P005,W04,438,2026-07-25,,OPEN
SO00409,P012,W01,78,2026-06-18,2026-06-20,DELIVERED
SO00410,P006,W03,479,2026-08-13,2026-08-13,SHIPPED
SO00411,P030,W03,415,2026-06-28,2026-06-30,DELIVERED
SO00412,P020,W07,388,2026-08-03,2026-08-03,DELIVERED
SO00413,P025,W02,569,2026-08-08,,CONFIRMED
SO00414,P022,W06,408,2026-08-09,,CONFIRMED
SO00415,P011,W03,163,2026-07-09,,BACKORDER
SO00416,P006,W01,408,2026-06-30,,CONFIRMED
SO00417,P009,W07,670,2026-06-17,2026-06-17,DELIVERED
SO00418,P021,W04,481,2026-07-01,2026-07-01,DELIVERED
SO00419,P013,W02,431,2026-08-17,2026-08-19,SHIPPED
SO00420,P006,W04,115,2026-08-04,,CONFIRMED
SO00421,P017,W08,54,2026-08-01,2026-08-03,DELIVERED
SO00422,P009,W06,178,2026-08-12,2026-08-13,DELIVERED
SO00423,P027,W05,287,2026-08-03,2026-08-03,DELIVERED
SO00424,P003,W02,15,2026-07-11,2026-07-11,SHIPPED
SO00425,P005,W04,189,2026-06-17,2026-06-18,DELIVERED
SO00426,P005,W04,282,2026-06-29,2026-06-30,SHIPPED
SO00427,P002,W02,633,2026-08-07,2026-08-07,DELIVERED
SO00428,P019,W07,353,2026-07-06,,CONFIRMED
SO00429,P001,W05,215,2026-07-26,2026-07-30,DELIVERED
SO00430,P007,W03,64,2026-08-19,2026-08-19,DELIVERED
SO00431,P013,W08,551,2026-06-27,,BACKORDER
SO00432,P022,W03,217,2026-07-26,2026-07-27,DELIVERED
SO00433,P007,W02,639,2026-08-16,2026-08-18,SHIPPED
SO00434,P029,W07,416,2026-07-23,2026-07-24,DELIVERED
SO00435,P007,W04,718,2026-07-19,2026-07-20,SHIPPED
SO00436,P001,W05,264,2026-07-17,,BACKORDER
SO00437,P011,W04,775,2026-07-11,,BACKORDER
SO00438,P030,W05,536,2026-07-29,2026-07-29,DELIVERED
SO00439,P026,W01,151,2026-08-01,,OPEN
SO00440,P008,W02,153,2026-06-19,2026-06-21,SHIPPED
SO00441,P020,W05,725,2026-08-06,,CONFIRMED
SO00442,P006,W04,334,2026-07-04,2026-07-04,DELIVERED
SO00443,P012,W06,659,2026-08-07,,CONFIRMED
SO00444,P027,W05,236,2026-07-30,,CONFIRMED
SO00445,P022,W05,585,2026-07-17,2026-07-17,SHIPPED
SO00446,P024,W02,62,2026-06-20,2026-06-21,DELIVERED
SO00447,P011,W08,577,2026-07-27,,BACKORDER
SO00448,P006,W04,603,2026-07-06,2026-07-07,SHIPPED
SO00449,P025,W08,761,2026-08-04,,BACKORDER
SO00450,P026,W02,181,2026-07-04,2026-07-04,DELIVERED
SO00451,P023,W08,295,2026-08-04,2026-08-05,DELIVERED
SO00452,P009,W06,59,2026-06-22,2026-06-23,DELIVERED
SO00453,P006,W03,66,2026-07-16,2026-07-17,SHIPPED
SO00454,P004,W02,250,2026-06-16,,OPEN
SO00455,P027,W01,441,2026-08-01,2026-08-02,SHIPPED
SO00456,P022,W01,672,2026-07-16,2026-07-17,DELIVERED
SO00457,P024,W05,463,2026-07-18,,OPEN
SO00458,P020,W06,117,2026-06-19,2026-06-19,SHIPPED
SO00459,P030,W08,697,2026-07-08,2026-07-09,DELIVERED
SO00460,P001,W08,687,2026-08-10,,BACKORDER
SO00461,P030,W04,215,2026-08-14,,OPEN
SO00462,P021,W03,214,2026-08-15,,BACKORDER
SO00463,P018,W03,738,2026-08-08,2026-08-09,DELIVERED
SO00464,P011,W03,766,2026-08-11,,OPEN
SO00465,P025,W05,528,2026-06-28,2026-06-30,DELIVERED
SO00466,P023,W04,258,2026-08-12,2026-08-14,SHIPPED
SO00467,P029,W02,659,2026-08-03,,OPEN
SO00468,P016,W06,798,2026-08-19,,BACKORDER
SO00469,P012,W07,478,2026-06-30,2026-07-02,DELIVERED
SO00470,P025,W03,480,2026-08-04,2026-08-06,DELIVERED
SO00471,P021,W06,647,2026-07-25,2026-07-27,SHIPPED
SO00472,P028,W01,546,2026-08-19,,BACKORDER
SO00473,P020,W05,693,2026-07-28,2026-07-28,DELIVERED
SO00474,P018,W06,493,2026-07-27,,CONFIRMED
SO00475,P011,W05,338,2026-06-23,,OPEN
SO00476,P004,W03,85,2026-07-25,2026-07-25,DELIVERED
SO00477,P021,W07,383,2026-08-13,2026-08-15,DELIVERED
SO00478,P016,W08,422,2026-07-26,2026-07-27,SHIPPED
SO00479,P014,W05,55,2026-08-23,,CONFIRMED
SO00480,P019,W05,175,2026-08-09,2026-08-13,SHIPPED
SO00481,P022,W06,666,2026-08-11,2026-08-11,DELIVERED
SO00482,P011,W06,312,2026-08-08,2026-08-08,DELIVERED
SO00483,P029,W03,248,2026-07-08,2026-07-10,SHIPPED
SO00484,P030,W03,90,2026-06-24,2026-06-24,DELIVERED
SO00485,P030,W03,404,2026-07-22,2026-07-24,DELIVERED
SO00486,P028,W03,301,2026-07-10,,BACKORDER
SO00487,P005,W03,781,2026-07-02,,CONFIRMED
SO00488,P005,W06,530,2026-08-09,2026-08-10,DELIVERED
SO00489,P018,W05,650,2026-08-02,,OPEN
SO00490,P028,W06,120,2026-07-06,,CONFIRMED
SO00491,P007,W01,274,2026-06-22,2026-06-23,DELIVERED
SO00492,P024,W07,131,2026-07-18,,BACKORDER
SO00493,P007,W05,177,2026-07-28,2026-07-30,DELIVERED
SO00494,P008,W01,60,2026-07-06,,CONFIRMED
SO00495,P012,W03,42,2026-07-22,2026-07-22,DELIVERED
SO00496,P028,W07,388,2026-06-24,,BACKORDER
SO00497,P024,W07,26,2026-07-15,,CANCELLED
SO00498,P023,W05,50,2026-07-27,2026-07-28,DELIVERED
SO00499,P010,W01,140,2026-08-10,2026-08-13,SHIPPED
SO00500,P010,W04,221,2026-07-29,2026-08-03,DELIVERED
SO00501,P004,W03,464,2026-08-14,,CONFIRMED
SO00502,P004,W01,588,2026-07-01,,CONFIRMED
SO00503,P015,W08,257,2026-08-03,,CANCELLED
SO00504,P007,W05,352,2026-07-28,2026-07-29,DELIVERED
SO00505,P019,W06,106,2026-07-12,,CANCELLED
SO00506,P013,W04,763,2026-08-10,2026-08-11,DELIVERED
SO00507,P022,W01,607,2026-07-11,2026-07-13,SHIPPED
SO00508,P010,W05,593,2026-08-10,2026-08-15,DELIVERED
SO00509,P005,W02,23,2026-08-06,,OPEN
SO00510,P004,W01,223,2026-06-22,2026-06-23,DELIVERED
SO00511,P005,W08,11,2026-07-22,,OPEN
SO00512,P005,W07,781,2026-07-14,2026-07-14,SHIPPED
SO00513,P027,W01,491,2026-08-01,2026-08-02,DELIVERED
SO00514,P022,W05,73,2026-07-05,,CONFIRMED
SO00515,P011,W06,608,2026-07-29,,BACKORDER
SO00516,P024,W07,646,2026-07-29,2026-07-29,SHIPPED
SO00517,P005,W08,561,2026-08-03,2026-08-05,DELIVERED
SO00518,P002,W02,73,2026-07-25,,CONFIRMED
SO00519,P027,W01,147,2026-08-19,2026-08-21,DELIVERED
SO00520,P025,W03,481,2026-07-03,2026-07-03,DELIVERED
SO00521,P001,W06,598,2026-07-16,,BACKORDER
SO00522,P030,W01,724,2026-07-06,,BACKORDER
SO00523,P030,W05,277,2026-08-12,2026-08-12,DELIVERED
SO00524,P008,W07,156,2026-08-21,,CONFIRMED
SO00525,P021,W03,571,2026-07-09,2026-07-11,DELIVERED
SO00526,P008,W03,71,2026-06-27,,BACKORDER
SO00527,P023,W03,92,2026-07-26,,CONFIRMED
SO00528,P017,W05,110,2026-08-23,2026-08-23,SHIPPED
SO00529,P002,W02,350,2026-08-10,,CONFIRMED
SO00530,P028,W07,224,2026-06-20,,OPEN
SO00531,P007,W02,575,2026-08-14,2026-08-14,SHIPPED
SO00532,P016,W02,513,2026-06-20,2026-06-20,DELIVERED
SO00533,P023,W04,705,2026-06-24,,OPEN
SO00534,P005,W05,87,2026-07-25,2026-07-27,DELIVERED
SO00535,P022,W03,168,2026-07-11,2026-07-13,DELIVERED
SO00536,P009,W04,636,2026-06-30,,CONFIRMED
SO00537,P015,W04,328,2026-07-09,,CONFIRMED
SO00538,P020,W07,695,2026-07-10,2026-07-12,SHIPPED
SO00539,P006,W03,657,2026-06-23,,OPEN
SO00540,P006,W07,515,2026-07-17,,CONFIRMED
SO00541,P025,W04,348,2026-08-15,2026-08-17,DELIVERED
SO00542,P017,W03,287,2026-07-29,2026-07-30,DELIVERED
SO00543,P013,W04,489,2026-07-31,2026-08-01,DELIVERED
SO00544,P014,W05,234,2026-07-20,2026-07-20,DELIVERED
SO00545,P016,W05,721,2026-07-01,,BACKORDER
SO00546,P011,W06,680,2026-07-27,,BACKORDER
SO00547,P026,W06,192,2026-08-10,2026-08-13,SHIPPED
SO00548,P013,W02,270,2026-07-30,2026-07-31,SHIPPED
SO00549,P002,W08,698,2026-08-06,2026-08-08,DELIVERED
SO00550,P020,W02,368,2026-08-10,2026-08-12,SHIPPED
SO00551,P005,W08,149,2026-08-16,2026-08-16,SHIPPED
SO00552,P018,W01,740,2026-06-24,2026-06-26,SHIPPED
SO00553,P019,W02,302,2026-08-15,2026-08-15,DELIVERED
SO00554,P004,W06,468,2026-07-04,,CONFIRMED
SO00555,P011,W05,697,2026-08-07,2026-08-12,DELIVERED
SO00556,P014,W07,44,2026-08-13,2026-08-14,SHIPPED
SO00557,P015,W05,17,2026-06-29,,CANCELLED
SO00558,P018,W07,505,2026-07-01,,CONFIRMED
SO00559,P019,W02,631,2026-06-27,,CONFIRMED
SO00560,P028,W01,670,2026-07-31,2026-08-05,DELIVERED
SO00561,P030,W02,433,2026-08-03,2026-08-03,SHIPPED
SO00562,P015,W01,145,2026-08-15,2026-08-15,SHIPPED
SO00563,P008,W08,713,2026-08-01,2026-08-03,SHIPPED
SO00564,P022,W05,99,2026-07-13,,CONFIRMED
SO00565,P020,W04,113,2026-07-17,2026-07-18,DELIVERED
SO00566,P004,W05,116,2026-08-18,,BACKORDER
SO00567,P020,W02,753,2026-08-03,2026-08-04,DELIVERED
SO00568,P011,W07,286,2026-07-24,,CONFIRMED
SO00569,P012,W08,420,2026-08-07,,CONFIRMED
SO00570,P012,W02,451,2026-07-18,2026-07-20,DELIVERED
SO00571,P013,W01,328,2026-06-18,2026-06-18,DELIVERED
SO00572,P021,W03,789,2026-07-24,2026-07-25,SHIPPED
SO00573,P019,W08,577,2026-08-12,,BACKORDER
SO00574,P013,W01,462,2026-07-19,,CONFIRMED
SO00575,P010,W03,384,2026-06-27,2026-06-30,DELIVERED
SO00576,P018,W07,360,2026-08-06,2026-08-08,SHIPPED
SO00577,P014,W05,652,2026-06-20,2026-06-22,SHIPPED
SO00578,P030,W01,128,2026-07-06,,BACKORDER
SO00579,P030,W06,739,2026-07-23,2026-07-24,SHIPPED
SO00580,P017,W06,631,2026-06-30,2026-07-01,SHIPPED
SO00581,P004,W03,17,2026-06-27,2026-07-02,SHIPPED
SO00582,P021,W02,340,2026-07-03,,BACKORDER
SO00583,P026,W01,195,2026-08-17,2026-08-21,DELIVERED
SO00584,P010,W04,62,2026-08-05,,BACKORDER
SO00585,P010,W02,102,2026-08-06,2026-08-11,SHIPPED
SO00586,P015,W07,434,2026-08-15,,CANCELLED
SO00587,P028,W03,629,2026-07-05,,BACKORDER
SO00588,P005,W04,365,2026-07-15,,OPEN
SO00589,P007,W02,108,2026-08-08,2026-08-09,DELIVERED
SO00590,P020,W08,615,2026-07-28,2026-07-30,DELIVERED
SO00591,P014,W06,157,2026-07-04,2026-07-05,SHIPPED
SO00592,P030,W04,663,2026-08-19,2026-08-19,DELIVERED
SO00593,P004,W07,657,2026-07-05,,CONFIRMED
SO00594,P005,W05,175,2026-08-08,2026-08-09,SHIPPED
SO00595,P027,W06,690,2026-07-25,2026-07-25,SHIPPED
SO00596,P012,W06,559,2026-08-20,2026-08-20,SHIPPED
SO00597,P015,W05,66,2026-06-23,2026-06-27,DELIVERED
SO00598,P029,W02,500,2026-07-25,2026-07-25,SHIPPED
SO00599,P020,W02,281,2026-06-18,,CANCELLED
SO00600,P029,W01,452,2026-07-30,2026-07-30,DELIVERED
SO00601,P014,W03,365,2026-08-14,,BACKORDER
SO00602,P013,W08,610,2026-08-06,,CONFIRMED
SO00603,P022,W06,232,2026-07-09,,CONFIRMED
SO00604,P028,W08,658,2026-08-16,,OPEN
SO00605,P011,W01,217,2026-06-21,,OPEN
SO00606,P013,W08,257,2026-07-29,2026-07-30,DELIVERED
SO00607,P002,W05,349,2026-06-30,2026-07-01,DELIVERED
SO00608,P003,W04,113,2026-07-30,2026-08-01,DELIVERED
SO00609,P013,W05,661,2026-07-12,,CONFIRMED
SO00610,P008,W04,713,2026-07-11,2026-07-13,SHIPPED
SO00611,P029,W07,43,2026-06-26,2026-06-27,DELIVERED
SO00612,P028,W02,500,2026-07-16,,CONFIRMED
SO00613,P015,W08,715,2026-06-22,2026-06-24,DELIVERED
SO00614,P004,W07,651,2026-06-24,2026-06-26,SHIPPED
SO00615,P013,W03,708,2026-07-03,2026-07-04,SHIPPED
SO00616,P021,W06,729,2026-07-02,2026-07-03,DELIVERED
SO00617,P030,W06,796,2026-06-28,,CANCELLED
SO00618,P004,W04,498,2026-08-09,2026-08-13,DELIVERED
SO00619,P028,W08,455,2026-07-30,,CONFIRMED
SO00620,P003,W04,284,2026-07-29,2026-07-30,DELIVERED
SO00621,P030,W02,196,2026-06-28,,OPEN
SO00622,P017,W06,131,2026-08-13,,CONFIRMED
SO00623,P030,W02,279,2026-07-26,2026-07-28,DELIVERED
SO00624,P024,W07,212,2026-07-12,2026-07-13,DELIVERED
SO00625,P011,W07,743,2026-07-21,,CANCELLED
SO00626,P024,W05,420,2026-08-16,2026-08-16,SHIPPED
SO00627,P014,W04,543,2026-06-14,2026-06-15,DELIVERED
SO00628,P001,W02,420,2026-07-26,,BACKORDER
SO00629,P013,W04,775,2026-07-23,2026-07-25,DELIVERED
SO00630,P009,W07,74,2026-08-01,2026-08-01,DELIVERED
SO00631,P013,W05,458,2026-08-04,,OPEN
SO00632,P026,W06,172,2026-06-25,,OPEN
SO00633,P005,W06,496,2026-07-14,2026-07-15,DELIVERED
SO00634,P022,W07,533,2026-07-27,2026-07-29,DELIVERED
SO00635,P006,W02,16,2026-07-11,2026-07-12,DELIVERED
SO00636,P015,W03,154,2026-07-29,2026-08-03,DELIVERED
SO00637,P017,W03,376,2026-08-07,,CONFIRMED
SO00638,P007,W02,494,2026-06-24,2026-06-26,DELIVERED
SO00639,P018,W02,283,2026-07-15,,CONFIRMED
SO00640,P030,W05,377,2026-07-01,2026-07-02,SHIPPED
SO00641,P024,W07,436,2026-07-09,2026-07-09,DELIVERED
SO00642,P005,W03,203,2026-06-30,,BACKORDER
SO00643,P028,W06,611,2026-07-17,,BACKORDER
SO00644,P027,W01,285,2026-07-29,2026-07-30,DELIVERED
SO00645,P014,W07,183,2026-08-11,2026-08-12,DELIVERED
SO00646,P026,W06,603,2026-07-28,,CANCELLED
SO00647,P002,W08,616,2026-08-12,2026-08-12,DELIVERED
SO00648,P010,W01,383,2026-07-11,2026-07-14,SHIPPED
SO00649,P015,W04,764,2026-06-18,,BACKORDER
SO00650,P006,W01,240,2026-07-06,,BACKORDER
SO00651,P017,W03,190,2026-07-10,2026-07-11,DELIVERED
SO00652,P008,W08,325,2026-07-02,,CONFIRMED
SO00653,P009,W08,229,2026-07-18,2026-07-20,DELIVERED
SO00654,P016,W06,270,2026-06-18,2026-06-19,DELIVERED
SO00655,P016,W01,88,2026-08-16,2026-08-17,DELIVERED
SO00656,P006,W04,159,2026-06-29,,CONFIRMED
SO00657,P018,W03,594,2026-08-19,2026-08-20,DELIVERED
SO00658,P010,W05,618,2026-06-26,,OPEN
SO00659,P002,W01,190,2026-08-07,,OPEN
SO00660,P015,W08,57,2026-08-04,2026-08-09,SHIPPED
SO00661,P010,W01,130,2026-07-09,2026-07-12,DELIVERED
SO00662,P015,W03,658,2026-07-08,,BACKORDER
SO00663,P016,W06,47,2026-07-12,,BACKORDER
SO00664,P017,W05,102,2026-07-03,2026-07-03,SHIPPED
SO00665,P016,W04,383,2026-07-30,,CONFIRMED
SO00666,P011,W07,370,2026-08-01,,BACKORDER
SO00667,P011,W03,143,2026-06-28,,CONFIRMED
SO00668,P011,W01,566,2026-07-26,,BACKORDER
SO00669,P008,W02,123,2026-07-29,2026-07-29,DELIVERED
SO00670,P023,W07,669,2026-07-21,,OPEN
SO00671,P002,W06,771,2026-07-02,2026-07-02,DELIVERED
SO00672,P017,W07,630,2026-07-29,2026-07-29,DELIVERED
SO00673,P020,W04,227,2026-06-18,2026-06-18,DELIVERED
SO00674,P007,W02,541,2026-07-08,2026-07-10,SHIPPED
SO00675,P022,W07,12,2026-06-28,2026-06-28,DELIVERED
SO00676,P026,W01,228,2026-07-02,,BACKORDER
SO00677,P026,W06,636,2026-07-14,2026-07-16,DELIVERED
SO00678,P006,W01,711,2026-08-10,2026-08-10,DELIVERED
SO00679,P024,W03,419,2026-08-04,,OPEN
SO00680,P025,W02,495,2026-07-02,2026-07-02,DELIVERED
SO00681,P018,W06,56,2026-07-03,2026-07-04,SHIPPED
SO00682,P016,W01,770,2026-07-08,2026-07-10,DELIVERED
SO00683,P011,W01,564,2026-06-23,2026-06-28,SHIPPED
SO00684,P018,W02,391,2026-07-13,2026-07-13,SHIPPED
SO00685,P018,W08,663,2026-07-08,,CANCELLED
SO00686,P018,W05,133,2026-06-29,2026-06-30,DELIVERED
SO00687,P026,W05,327,2026-08-10,2026-08-10,DELIVERED
SO00688,P012,W02,422,2026-06-21,,OPEN
SO00689,P008,W02,762,2026-06-23,,CANCELLED
SO00690,P018,W06,62,2026-07-11,2026-07-11,DELIVERED
SO00691,P020,W07,43,2026-07-13,2026-07-15,DELIVERED
SO00692,P029,W01,393,2026-06-29,,CONFIRMED
SO00693,P010,W02,711,2026-06-24,,BACKORDER
SO00694,P008,W06,715,2026-08-13,2026-08-14,DELIVERED
SO00695,P005,W02,688,2026-06-26,,CONFIRMED
SO00696,P007,W02,74,2026-07-14,,OPEN
SO00697,P002,W04,97,2026-08-07,2026-08-08,DELIVERED
SO00698,P003,W03,159,2026-07-03,2026-07-05,DELIVERED
SO00699,P019,W02,420,2026-07-29,,CANCELLED
SO00700,P001,W02,25,2026-07-27,2026-07-30,DELIVERED
SO00701,P026,W03,535,2026-07-24,2026-07-29,DELIVERED
SO00702,P011,W01,598,2026-06-26,2026-06-30,DELIVERED
SO00703,P001,W04,371,2026-08-05,,OPEN
SO00704,P011,W04,556,2026-08-09,,BACKORDER
SO00705,P027,W03,440,2026-07-13,,OPEN
SO00706,P002,W06,41,2026-06-30,2026-07-02,SHIPPED
SO00707,P027,W07,584,2026-07-13,2026-07-13,SHIPPED
SO00708,P017,W08,670,2026-06-28,2026-06-29,SHIPPED
SO00709,P019,W03,304,2026-07-05,,BACKORDER
SO00710,P023,W08,697,2026-06-30,2026-07-02,DELIVERED
SO00711,P020,W05,709,2026-07-05,2026-07-06,SHIPPED
SO00712,P007,W04,92,2026-08-20,2026-08-22,DELIVERED
SO00713,P011,W06,80,2026-08-03,,OPEN
SO00714,P019,W06,582,2026-07-19,,OPEN
SO00715,P027,W07,481,2026-07-03,2026-07-03,DELIVERED
SO00716,P006,W06,367,2026-08-15,2026-08-17,DELIVERED
SO00717,P024,W07,564,2026-06-21,,CANCELLED
SO00718,P015,W06,130,2026-06-27,2026-06-29,DELIVERED
SO00719,P011,W04,125,2026-06-27,2026-06-28,SHIPPED
SO00720,P010,W08,101,2026-07-16,,CONFIRMED
SO00721,P010,W08,552,2026-07-16,,CONFIRMED
SO00722,P011,W02,412,2026-07-18,,CONFIRMED
SO00723,P025,W03,59,2026-07-08,,BACKORDER
SO00724,P005,W03,45,2026-07-23,2026-07-25,DELIVERED
SO00725,P026,W01,344,2026-08-10,,CONFIRMED
SO00726,P001,W08,694,2026-07-15,,BACKORDER
SO00727,P004,W08,585,2026-06-24,,BACKORDER
SO00728,P011,W08,287,2026-07-31,2026-07-31,SHIPPED
SO00729,P025,W02,267,2026-06-17,2026-06-17,DELIVERED
SO00730,P023,W07,293,2026-07-01,,CONFIRMED
SO00731,P019,W05,246,2026-06-20,,CONFIRMED
SO00732,P002,W08,656,2026-07-26,,CONFIRMED
SO00733,P028,W01,341,2026-07-27,2026-07-29,DELIVERED
SO00734,P003,W04,645,2026-08-03,,OPEN
SO00735,P029,W08,11,2026-07-24,2026-07-24,SHIPPED
SO00736,P013,W01,235,2026-06-30,2026-06-30,SHIPPED
SO00737,P017,W06,236,2026-08-21,,OPEN
SO00738,P016,W02,247,2026-08-17,2026-08-18,SHIPPED
SO00739,P009,W07,443,2026-06-24,2026-06-25,DELIVERED
SO00740,P015,W05,217,2026-07-24,2026-07-25,DELIVERED
SO00741,P019,W05,539,2026-06-25,,OPEN
SO00742,P007,W07,221,2026-08-05,,BACKORDER
SO00743,P026,W08,360,2026-08-13,,CANCELLED
SO00744,P027,W03,253,2026-07-06,,BACKORDER
SO00745,P001,W03,540,2026-06-28,2026-07-03,DELIVERED
SO00746,P022,W02,770,2026-07-12,2026-07-14,SHIPPED
SO00747,P014,W05,714,2026-06-25,2026-06-27,DELIVERED
SO00748,P024,W05,534,2026-08-18,2026-08-19,SHIPPED
SO00749,P027,W07,443,2026-08-02,2026-08-02,DELIVERED
SO00750,P018,W03,422,2026-07-14,2026-07-15,DELIVERED
SO00751,P020,W05,698,2026-07-26,,CANCELLED
SO00752,P011,W04,599,2026-07-02,,BACKORDER
SO00753,P012,W05,694,2026-08-03,2026-08-04,DELIVERED
SO00754,P020,W08,733,2026-08-05,,CONFIRMED
SO00755,P017,W03,399,2026-07-30,,CONFIRMED
SO00756,P011,W08,301,2026-07-11,,CONFIRMED
SO00757,P023,W08,321,2026-07-22,2026-07-24,DELIVERED
SO00758,P001,W08,487,2026-08-18,2026-08-21,SHIPPED
SO00759,P011,W05,325,2026-08-11,,BACKORDER
SO00760,P007,W03,410,2026-06-30,2026-07-01,DELIVERED
SO00761,P013,W04,678,2026-07-04,2026-07-05,DELIVERED
SO00762,P008,W04,294,2026-08-11,2026-08-13,SHIPPED
SO00763,P020,W08,780,2026-07-19,2026-07-19,SHIPPED
SO00764,P012,W04,38,2026-08-20,2026-08-22,DELIVERED
SO00765,P019,W03,88,2026-08-17,2026-08-20,SHIPPED
SO00766,P009,W05,49,2026-07-28,,CONFIRMED
SO00767,P001,W04,746,2026-07-10,,BACKORDER
SO00768,P015,W03,593,2026-07-01,,CONFIRMED
SO00769,P026,W06,393,2026-07-29,2026-07-30,DELIVERED
SO00770,P006,W07,677,2026-06-28,2026-06-30,DELIVERED
SO00771,P029,W04,335,2026-07-21,2026-07-22,DELIVERED
SO00772,P003,W02,671,2026-07-03,2026-07-03,DELIVERED
SO00773,P015,W05,117,2026-08-21,2026-08-22,SHIPPED
SO00774,P016,W06,567,2026-07-01,2026-07-02,DELIVERED
SO00775,P004,W04,494,2026-08-05,,BACKORDER
SO00776,P024,W05,656,2026-08-01,,OPEN
SO00777,P022,W01,244,2026-08-12,,CANCELLED
SO00778,P002,W03,635,2026-07-30,,OPEN
SO00779,P007,W01,691,2026-08-21,,CONFIRMED
SO00780,P008,W04,744,2026-07-02,2026-07-04,DELIVERED
SO00781,P014,W08,279,2026-08-09,,CONFIRMED
SO00782,P020,W01,313,2026-08-01,2026-08-02,DELIVERED
SO00783,P013,W06,454,2026-07-11,2026-07-12,DELIVERED
SO00784,P002,W06,731,2026-08-06,2026-08-06,DELIVERED
SO00785,P008,W07,119,2026-08-20,2026-08-20,SHIPPED
SO00786,P030,W04,661,2026-07-10,,CANCELLED
SO00787,P009,W06,117,2026-07-22,,CONFIRMED
SO00788,P025,W08,54,2026-07-19,2026-07-20,SHIPPED
SO00789,P002,W01,258,2026-08-11,,CANCELLED
SO00790,P028,W02,244,2026-06-30,,OPEN
SO00791,P017,W04,669,2026-07-09,,OPEN
SO00792,P011,W05,51,2026-08-20,,CONFIRMED
SO00793,P009,W04,377,2026-07-09,2026-07-09,SHIPPED
SO00794,P022,W03,623,2026-06-25,,CONFIRMED
SO00795,P019,W05,748,2026-07-25,,OPEN
SO00796,P018,W01,545,2026-07-14,,CONFIRMED
SO00797,P023,W05,125,2026-07-30,,BACKORDER
SO00798,P023,W06,245,2026-07-24,2026-07-24,SHIPPED
SO00799,P012,W02,609,2026-08-01,,CONFIRMED
SO00800,P017,W03,687,2026-07-07,2026-07-07,DELIVERED
SO00801,P003,W02,611,2026-07-04,2026-07-05,SHIPPED
SO00802,P028,W05,500,2026-07-05,,BACKORDER
SO00803,P010,W01,703,2026-08-01,2026-08-02,SHIPPED
SO00804,P003,W05,61,2026-07-08,2026-07-10,SHIPPED
SO00805,P016,W04,419,2026-06-20,2026-06-22,SHIPPED
SO00806,P006,W07,436,2026-06-27,2026-06-27,SHIPPED
SO00807,P023,W08,56,2026-07-03,2026-07-05,DELIVERED
SO00808,P010,W07,11,2026-08-11,2026-08-14,DELIVERED
SO00809,P004,W04,421,2026-06-30,,CONFIRMED
SO00810,P022,W02,17,2026-07-18,2026-07-19,SHIPPED
SO00811,P018,W01,774,2026-08-03,2026-08-03,DELIVERED
SO00812,P006,W03,20,2026-07-03,,CANCELLED
SO00813,P029,W06,601,2026-07-03,,OPEN
SO00814,P025,W04,800,2026-08-04,2026-08-04,DELIVERED
SO00815,P007,W05,387,2026-07-28,,CONFIRMED
SO00816,P018,W02,763,2026-07-15,2026-07-15,DELIVERED
SO00817,P023,W07,241,2026-08-03,2026-08-04,DELIVERED
SO00818,P021,W05,634,2026-07-23,2026-07-25,DELIVERED
SO00819,P023,W02,522,2026-07-28,2026-07-28,SHIPPED
SO00820,P013,W04,331,2026-07-05,2026-07-06,SHIPPED
SO00821,P008,W04,621,2026-08-04,2026-08-06,DELIVERED
SO00822,P024,W06,554,2026-07-01,2026-07-03,DELIVERED
SO00823,P020,W01,39,2026-07-26,2026-07-28,DELIVERED
SO00824,P028,W07,107,2026-07-20,,OPEN
SO00825,P004,W01,207,2026-07-03,,CONFIRMED
SO00826,P022,W06,278,2026-07-28,,CONFIRMED
SO00827,P009,W02,247,2026-08-02,2026-08-02,SHIPPED
SO00828,P027,W02,724,2026-07-18,2026-07-20,DELIVERED
SO00829,P030,W05,11,2026-06-19,2026-06-21,DELIVERED
SO00830,P021,W06,439,2026-07-20,2026-07-20,DELIVERED
SO00831,P012,W07,540,2026-06-26,,CONFIRMED
SO00832,P001,W01,300,2026-08-02,,CONFIRMED
SO00833,P023,W04,219,2026-07-12,2026-07-14,DELIVERED
SO00834,P015,W07,59,2026-07-06,,CANCELLED
SO00835,P001,W08,65,2026-08-03,,CANCELLED
SO00836,P016,W02,600,2026-07-24,2026-07-26,SHIPPED
SO00837,P009,W02,152,2026-07-11,2026-07-13,SHIPPED
SO00838,P026,W06,344,2026-07-30,2026-08-03,SHIPPED
SO00839,P022,W06,478,2026-08-14,,CONFIRMED
SO00840,P025,W02,570,2026-08-07,2026-08-08,SHIPPED
SO00841,P010,W03,718,2026-06-27,,CONFIRMED
SO00842,P024,W07,500,2026-06-29,2026-06-30,DELIVERED
SO00843,P028,W08,308,2026-07-18,,CONFIRMED
SO00844,P020,W01,260,2026-08-12,2026-08-12,DELIVERED
SO00845,P020,W04,16,2026-07-25,,CONFIRMED
SO00846,P021,W02,17,2026-06-17,2026-06-19,DELIVERED
SO00847,P016,W07,663,2026-08-05,2026-08-07,SHIPPED
SO00848,P010,W06,275,2026-06-21,2026-06-24,SHIPPED
SO00849,P002,W04,139,2026-08-07,2026-08-07,SHIPPED
SO00850,P010,W03,337,2026-08-18,,CONFIRMED
SO00851,P022,W03,525,2026-07-18,,BACKORDER
SO00852,P023,W02,654,2026-07-10,2026-07-10,DELIVERED
SO00853,P007,W08,39,2026-06-22,,OPEN
SO00854,P028,W01,715,2026-08-15,2026-08-20,SHIPPED
SO00855,P010,W04,329,2026-08-11,,CONFIRMED
SO00856,P014,W08,701,2026-07-05,2026-07-06,SHIPPED
SO00857,P025,W08,335,2026-07-01,2026-07-03,SHIPPED
SO00858,P005,W06,250,2026-07-30,2026-07-30,DELIVERED
SO00859,P012,W05,184,2026-06-24,,OPEN
SO00860,P003,W06,504,2026-07-09,2026-07-10,DELIVERED
SO00861,P017,W07,702,2026-07-12,2026-07-13,DELIVERED
SO00862,P015,W07,672,2026-08-08,2026-08-12,SHIPPED
SO00863,P005,W07,601,2026-07-12,,CONFIRMED
SO00864,P003,W03,455,2026-06-23,2026-06-24,DELIVERED
SO00865,P010,W01,383,2026-07-06,2026-07-11,DELIVERED
SO00866,P023,W06,620,2026-08-05,2026-08-05,DELIVERED
SO00867,P029,W02,16,2026-07-23,2026-07-24,DELIVERED
SO00868,P029,W07,473,2026-08-05,2026-08-05,DELIVERED
SO00869,P003,W08,555,2026-08-18,,OPEN
SO00870,P026,W08,302,2026-06-15,2026-06-16,DELIVERED
SO00871,P011,W02,203,2026-07-02,2026-07-06,DELIVERED
SO00872,P011,W01,255,2026-07-21,,BACKORDER
SO00873,P027,W03,141,2026-08-01,2026-08-03,DELIVERED
SO00874,P010,W07,451,2026-07-23,2026-07-28,DELIVERED
SO00875,P003,W04,340,2026-07-09,,CONFIRMED
SO00876,P025,W04,637,2026-07-01,2026-07-01,SHIPPED
SO00877,P024,W04,372,2026-06-25,2026-06-27,SHIPPED
SO00878,P026,W08,573,2026-08-09,,BACKORDER
SO00879,P024,W06,774,2026-06-17,2026-06-17,DELIVERED
SO00880,P030,W02,636,2026-07-23,2026-07-23,DELIVERED
SO00881,P019,W06,616,2026-07-16,,OPEN
SO00882,P021,W07,773,2026-07-11,2026-07-13,DELIVERED
SO00883,P027,W03,356,2026-07-20,2026-07-20,DELIVERED
SO00884,P015,W05,614,2026-07-12,,CONFIRMED
SO00885,P009,W08,615,2026-06-28,,BACKORDER
SO00886,P002,W01,223,2026-08-09,2026-08-11,DELIVERED
SO00887,P026,W05,590,2026-07-22,,CONFIRMED
SO00888,P014,W08,118,2026-08-17,2026-08-19,DELIVERED
SO00889,P002,W06,796,2026-07-15,2026-07-17,SHIPPED
SO00890,P016,W06,214,2026-08-13,2026-08-15,DELIVERED
SO00891,P018,W04,716,2026-08-18,,CONFIRMED
SO00892,P008,W06,535,2026-08-17,2026-08-18,DELIVERED
SO00893,P019,W07,724,2026-08-11,2026-08-13,DELIVERED
SO00894,P014,W01,10,2026-07-22,2026-07-22,DELIVERED
SO00895,P021,W08,22,2026-06-23,2026-06-24,SHIPPED
SO00896,P006,W02,751,2026-08-14,,BACKORDER
SO00897,P015,W05,765,2026-08-04,,BACKORDER
SO00898,P001,W02,185,2026-07-10,,CANCELLED
SO00899,P002,W06,646,2026-08-18,2026-08-20,SHIPPED
SO00900,P003,W03,349,2026-08-10,2026-08-11,DELIVERED
SO00901,P025,W05,16,2026-06-28,,BACKORDER
SO00902,P002,W03,252,2026-06-28,2026-06-29,SHIPPED
SO00903,P008,W06,389,2026-07-03,2026-07-04,DELIVERED
SO00904,P010,W04,440,2026-06-27,,OPEN
SO00905,P006,W04,25,2026-08-09,2026-08-10,DELIVERED
SO00906,P012,W04,287,2026-07-11,,BACKORDER
SO00907,P019,W05,468,2026-08-15,,BACKORDER
SO00908,P024,W07,96,2026-08-14,2026-08-15,DELIVERED
SO00909,P002,W02,251,2026-07-21,,OPEN
SO00910,P005,W05,539,2026-07-06,2026-07-06,SHIPPED
SO00911,P017,W02,256,2026-07-07,2026-07-09,SHIPPED
SO00912,P009,W07,422,2026-06-30,2026-06-30,SHIPPED
SO00913,P030,W02,113,2026-06-16,2026-06-18,DELIVERED
SO00914,P028,W03,129,2026-08-07,,OPEN
SO00915,P029,W05,593,2026-08-12,2026-08-12,DELIVERED
SO00916,P022,W06,23,2026-08-04,2026-08-04,SHIPPED
SO00917,P011,W07,28,2026-07-14,2026-07-14,SHIPPED
SO00918,P014,W03,446,2026-07-29,,CANCELLED
SO00919,P028,W05,247,2026-07-21,,BACKORDER
SO00920,P027,W05,750,2026-06-24,2026-06-26,SHIPPED
SO00921,P028,W05,134,2026-07-11,,BACKORDER
SO00922,P021,W05,569,2026-07-28,2026-07-30,SHIPPED
SO00923,P018,W06,266,2026-06-29,2026-07-01,SHIPPED
SO00924,P022,W04,21,2026-08-02,2026-08-02,DELIVERED
SO00925,P029,W06,300,2026-06-19,2026-06-21,DELIVERED
SO00926,P003,W02,561,2026-07-18,,CONFIRMED
SO00927,P020,W02,734,2026-06-26,2026-06-27,SHIPPED
SO00928,P015,W07,282,2026-06-27,,OPEN
SO00929,P007,W03,644,2026-08-12,2026-08-13,DELIVERED
SO00930,P016,W02,190,2026-07-01,2026-07-02,DELIVERED
SO00931,P027,W03,407,2026-07-03,,CONFIRMED
SO00932,P020,W03,188,2026-08-16,2026-08-16,DELIVERED
SO00933,P023,W06,450,2026-07-02,,CONFIRMED
SO00934,P024,W01,109,2026-06-23,2026-06-23,SHIPPED
SO00935,P028,W06,82,2026-07-30,,BACKORDER
SO00936,P003,W05,352,2026-06-18,,OPEN
SO00937,P029,W03,694,2026-08-06,2026-08-08,DELIVERED
SO00938,P015,W03,576,2026-07-29,2026-07-30,SHIPPED
SO00939,P018,W04,151,2026-07-23,,OPEN
SO00940,P027,W06,76,2026-06-22,,BACKORDER
SO00941,P013,W06,643,2026-07-12,,OPEN
SO00942,P022,W05,279,2026-06-20,2026-06-21,DELIVERED
SO00943,P025,W07,755,2026-06-28,2026-06-28,DELIVERED
SO00944,P026,W02,27,2026-06-28,,BACKORDER
SO00945,P019,W02,466,2026-07-01,,CONFIRMED
SO00946,P020,W01,781,2026-06-17,,CONFIRMED
SO00947,P002,W05,720,2026-07-12,2026-07-14,SHIPPED
SO00948,P023,W07,462,2026-08-13,2026-08-15,SHIPPED
SO00949,P012,W07,555,2026-07-04,2026-07-05,DELIVERED
SO00950,P014,W01,612,2026-06-23,2026-06-25,DELIVERED
SO00951,P007,W08,514,2026-06-26,2026-06-26,SHIPPED
SO00952,P016,W02,99,2026-07-12,2026-07-12,DELIVERED
SO00953,P025,W08,708,2026-07-06,2026-07-07,DELIVERED
SO00954,P019,W03,675,2026-08-11,,BACKORDER
SO00955,P022,W03,546,2026-08-17,2026-08-19,DELIVERED
SO00956,P014,W07,612,2026-06-17,2026-06-17,DELIVERED
SO00957,P017,W07,121,2026-08-02,2026-08-02,DELIVERED
SO00958,P025,W01,314,2026-08-16,,CONFIRMED
SO00959,P003,W01,196,2026-08-07,2026-08-09,DELIVERED
SO00960,P027,W06,474,2026-06-24,2026-06-26,DELIVERED
SO00961,P026,W07,739,2026-06-21,,OPEN
SO00962,P023,W02,703,2026-07-07,,OPEN
SO00963,P025,W05,184,2026-07-02,2026-07-03,DELIVERED
SO00964,P002,W08,248,2026-07-11,,CANCELLED
SO00965,P030,W05,703,2026-06-25,2026-06-26,DELIVERED
SO00966,P029,W03,368,2026-07-23,2026-07-25,SHIPPED
SO00967,P013,W05,169,2026-07-20,,BACKORDER
SO00968,P003,W06,218,2026-07-08,2026-07-08,DELIVERED
SO00969,P025,W07,243,2026-06-28,2026-06-30,SHIPPED
SO00970,P025,W08,488,2026-07-24,2026-07-25,SHIPPED
SO00971,P022,W02,197,2026-07-30,,OPEN
SO00972,P011,W07,168,2026-07-21,,CONFIRMED
SO00973,P015,W04,170,2026-07-01,,CANCELLED
SO00974,P011,W08,586,2026-08-09,2026-08-10,SHIPPED
SO00975,P029,W08,362,2026-06-23,,OPEN
SO00976,P016,W04,163,2026-06-25,2026-06-26,DELIVERED
SO00977,P017,W01,600,2026-06-23,,BACKORDER
SO00978,P015,W07,682,2026-07-28,,OPEN
SO00979,P023,W03,106,2026-08-08,2026-08-08,SHIPPED
SO00980,P004,W08,154,2026-07-30,,BACKORDER
SO00981,P015,W02,124,2026-07-19,2026-07-24,DELIVERED
SO00982,P027,W04,436,2026-08-02,2026-08-03,DELIVERED
SO00983,P029,W07,618,2026-07-06,2026-07-08,DELIVERED
SO00984,P014,W08,736,2026-08-10,,CONFIRMED
SO00985,P013,W06,721,2026-08-16,2026-08-17,SHIPPED
SO00986,P024,W04,443,2026-07-16,2026-07-18,SHIPPED
SO00987,P024,W04,185,2026-06-27,2026-06-27,DELIVERED
SO00988,P013,W02,668,2026-06-26,,OPEN
SO00989,P008,W01,338,2026-07-02,2026-07-04,SHIPPED
SO00990,P008,W06,195,2026-07-11,2026-07-11,DELIVERED
SO00991,P007,W05,117,2026-08-17,2026-08-18,SHIPPED
SO00992,P029,W08,313,2026-06-28,2026-06-29,SHIPPED
SO00993,P020,W07,300,2026-08-04,,CANCELLED
SO00994,P010,W07,700,2026-06-30,,BACKORDER
SO00995,P017,W08,451,2026-07-22,2026-07-24,DELIVERED
SO00996,P011,W05,710,2026-07-18,,CONFIRMED
SO00997,P024,W01,794,2026-06-21,2026-06-21,SHIPPED
SO00998,P028,W03,733,2026-07-20,,BACKORDER
SO00999,P030,W08,677,2026-07-28,,CONFIRMED
SO01000,P008,W05,636,2026-06-27,,OPEN
